[
{
  "model": "wagtailnhsukfrontendsettings.navigationlink",
  "pk": 1,
  "fields": {
    "sort_order": 0,
    "setting": 1,
    "label": "Breadcrumb Test Page 1",
    "page": 4
  }
},
{
  "model": "wagtailnhsukfrontendsettings.navigationlink",
  "pk": 2,
  "fields": {
    "sort_order": 1,
    "setting": 1,
    "label": "Breadcrumb Test Page 2",
    "page": 5
  }
},
{
  "model": "wagtailnhsukfrontendsettings.navigationlink",
  "pk": 3,
  "fields": {
    "sort_order": 2,
    "setting": 1,
    "label": "Emergency Alert",
    "page": 6
  }
},
{
  "model": "wagtailnhsukfrontendsettings.navigationlink",
  "pk": 4,
  "fields": {
    "sort_order": 3,
    "setting": 1,
    "label": "Pagination",
    "page": 8
  }
},
{
  "model": "wagtailcore.site",
  "fields": {
    "hostname": "localhost",
    "port": 80,
    "site_name": null,
    "root_page": 3,
    "is_default_site": true
  }
},
{
  "model": "wagtailcore.collection",
  "pk": 1,
  "fields": {
    "path": "0001",
    "depth": 1,
    "numchild": 0,
    "name": "Root"
  }
},
{
  "model": "wagtailnhsukfrontendsettings.emergencyalert",
  "pk": 1,
  "fields": {
    "site": [
      "localhost",
      80
    ],
    "enabled": true,
    "title": "National Flu Outbreak",
    "description": "There has been a national flu outbreak.",
    "link_url": "https://www.nhs.uk",
    "link_label": "How does it affect me",
    "last_updated": "2019-02-18T14:47:00.148Z"
  }
},
{
  "model": "wagtailnhsukfrontendsettings.headersettings",
  "pk": 1,
  "fields": {
    "site": [
      "localhost",
      80
    ],
    "service_name": "Wagtail NHS Style",
    "service_long_name": false,
    "service_link": null,
    "transactional": false,
    "logo_link": null,
    "logo_aria": null,
    "show_search": true
  }
},
{
  "model": "auth.group",
  "fields": {
    "name": "Moderators",
    "permissions": [
      [
        "access_admin",
        "wagtailadmin",
        "admin"
      ],
      [
        "add_document",
        "wagtaildocs",
        "document"
      ],
      [
        "change_document",
        "wagtaildocs",
        "document"
      ],
      [
        "delete_document",
        "wagtaildocs",
        "document"
      ],
      [
        "add_image",
        "wagtailimages",
        "image"
      ],
      [
        "change_image",
        "wagtailimages",
        "image"
      ],
      [
        "delete_image",
        "wagtailimages",
        "image"
      ]
    ]
  }
},
{
  "model": "auth.group",
  "fields": {
    "name": "Editors",
    "permissions": [
      [
        "access_admin",
        "wagtailadmin",
        "admin"
      ],
      [
        "add_document",
        "wagtaildocs",
        "document"
      ],
      [
        "change_document",
        "wagtaildocs",
        "document"
      ],
      [
        "delete_document",
        "wagtaildocs",
        "document"
      ],
      [
        "add_image",
        "wagtailimages",
        "image"
      ],
      [
        "change_image",
        "wagtailimages",
        "image"
      ],
      [
        "delete_image",
        "wagtailimages",
        "image"
      ]
    ]
  }
},
{
  "model": "auth.user",
  "fields": {
    "password": "pbkdf2_sha256$100000$jQmLXtqs7rf3$WQZzZzXpTGVcTEsPF0DmcrWrhU5AOcC02gTR+ohv+kc=",
    "last_login": "2019-03-01T16:02:34.987Z",
    "is_superuser": true,
    "username": "admin",
    "first_name": "",
    "last_name": "",
    "email": "",
    "is_staff": true,
    "is_active": true,
    "date_joined": "2018-11-23T16:23:04.625Z",
    "groups": [],
    "user_permissions": []
  }
},
{
  "model": "wagtailcore.pagerevision",
  "pk": 1,
  "fields": {
    "page": 3,
    "submitted_for_moderation": false,
    "created_at": "2018-10-22T10:57:04.911Z",
    "user": [
      "admin"
    ],
    "content_json": "{\"pk\": 3, \"path\": \"00010001\", \"depth\": 2, \"numchild\": 0, \"title\": \"Home\", \"draft_title\": \"Home\", \"slug\": \"home\", \"content_type\": 2, \"live\": true, \"has_unpublished_changes\": false, \"url_path\": \"/home/\", \"owner\": null, \"seo_title\": \"\", \"show_in_menus\": false, \"search_description\": \"\", \"go_live_at\": null, \"expire_at\": null, \"expired\": false, \"locked\": false, \"first_published_at\": null, \"last_published_at\": null, \"latest_revision_created_at\": null, \"live_revision\": null, \"body\": \"[{\\\"type\\\": \\\"warning_callout\\\", \\\"value\\\": \\\"<p>This is a warning callout box! It contains <b>RichText</b></p>\\\", \\\"id\\\": \\\"d58c67a7-857b-4729-8957-40dee5d9a396\\\"}]\"}",
    "approved_go_live_at": null
  }
},
{
  "model": "wagtailcore.pagerevision",
  "pk": 2,
  "fields": {
    "page": 3,
    "submitted_for_moderation": false,
    "created_at": "2018-11-23T16:23:37.035Z",
    "user": [
      "admin"
    ],
    "content_json": "{\"pk\": 3, \"path\": \"00010001\", \"depth\": 2, \"numchild\": 0, \"title\": \"Home\", \"draft_title\": \"Home\", \"slug\": \"home\", \"content_type\": 2, \"live\": true, \"has_unpublished_changes\": false, \"url_path\": \"/home/\", \"owner\": null, \"seo_title\": \"\", \"show_in_menus\": false, \"search_description\": \"\", \"go_live_at\": null, \"expire_at\": null, \"expired\": false, \"locked\": false, \"first_published_at\": \"2018-10-22T10:57:04.927Z\", \"last_published_at\": \"2018-10-22T10:57:04.927Z\", \"latest_revision_created_at\": \"2018-10-22T10:57:04.911Z\", \"live_revision\": 1, \"body\": \"[{\\\"type\\\": \\\"actionlink\\\", \\\"value\\\": {\\\"text\\\": \\\"Action Link\\\", \\\"external_url\\\": \\\"https://example.com\\\"}, \\\"id\\\": \\\"657b3f9e-445e-4a39-84e1-f7a4adce1af0\\\"}, {\\\"type\\\": \\\"warning_callout\\\", \\\"value\\\": \\\"<p>This is a warning callout box! It contains <b>RichText</b></p>\\\", \\\"id\\\": \\\"d58c67a7-857b-4729-8957-40dee5d9a396\\\"}]\"}",
    "approved_go_live_at": null
  }
},
{
  "model": "wagtailcore.pagerevision",
  "pk": 3,
  "fields": {
    "page": 3,
    "submitted_for_moderation": false,
    "created_at": "2018-11-26T08:45:24.912Z",
    "user": [
      "admin"
    ],
    "content_json": "{\"pk\": 3, \"path\": \"00010001\", \"depth\": 2, \"numchild\": 0, \"title\": \"Home\", \"draft_title\": \"Home\", \"slug\": \"home\", \"content_type\": 2, \"live\": true, \"has_unpublished_changes\": false, \"url_path\": \"/home/\", \"owner\": null, \"seo_title\": \"\", \"show_in_menus\": false, \"search_description\": \"\", \"go_live_at\": null, \"expire_at\": null, \"expired\": false, \"locked\": false, \"first_published_at\": \"2018-10-22T10:57:04.927Z\", \"last_published_at\": \"2018-11-23T16:23:37.053Z\", \"latest_revision_created_at\": \"2018-11-23T16:23:37.035Z\", \"live_revision\": 2, \"body\": \"[{\\\"type\\\": \\\"action_link\\\", \\\"value\\\": {\\\"text\\\": \\\"Action Link\\\", \\\"external_url\\\": \\\"https://example.com\\\"}, \\\"id\\\": \\\"275caa12-937e-42a5-8ef3-caa05584c8ce\\\"}, {\\\"type\\\": \\\"warning_callout\\\", \\\"value\\\": \\\"<p>This is a warning callout box! It contains <b>RichText</b></p>\\\", \\\"id\\\": \\\"d58c67a7-857b-4729-8957-40dee5d9a396\\\"}]\"}",
    "approved_go_live_at": null
  }
},
{
  "model": "wagtailcore.pagerevision",
  "pk": 4,
  "fields": {
    "page": 4,
    "submitted_for_moderation": false,
    "created_at": "2018-11-26T10:01:13.559Z",
    "user": [
      "admin"
    ],
    "content_json": "{\"pk\": 4, \"path\": \"000100010001\", \"depth\": 3, \"numchild\": 0, \"title\": \"Page 1\", \"draft_title\": \"Page 1\", \"slug\": \"page-1\", \"content_type\": 28, \"live\": true, \"has_unpublished_changes\": false, \"url_path\": \"/home/page-1/\", \"owner\": 2, \"seo_title\": \"\", \"show_in_menus\": false, \"search_description\": \"\", \"go_live_at\": null, \"expire_at\": null, \"expired\": false, \"locked\": false, \"first_published_at\": null, \"last_published_at\": null, \"latest_revision_created_at\": null, \"live_revision\": null}",
    "approved_go_live_at": null
  }
},
{
  "model": "wagtailcore.pagerevision",
  "pk": 5,
  "fields": {
    "page": 5,
    "submitted_for_moderation": false,
    "created_at": "2018-11-26T10:01:20.582Z",
    "user": [
      "admin"
    ],
    "content_json": "{\"pk\": 5, \"path\": \"0001000100010001\", \"depth\": 4, \"numchild\": 0, \"title\": \"Page 2\", \"draft_title\": \"Page 2\", \"slug\": \"page-2\", \"content_type\": 28, \"live\": true, \"has_unpublished_changes\": false, \"url_path\": \"/home/page-1/page-2/\", \"owner\": 2, \"seo_title\": \"\", \"show_in_menus\": false, \"search_description\": \"\", \"go_live_at\": null, \"expire_at\": null, \"expired\": false, \"locked\": false, \"first_published_at\": null, \"last_published_at\": null, \"latest_revision_created_at\": null, \"live_revision\": null}",
    "approved_go_live_at": null
  }
},
{
  "model": "wagtailcore.pagerevision",
  "pk": 6,
  "fields": {
    "page": 3,
    "submitted_for_moderation": false,
    "created_at": "2018-11-26T16:04:21.854Z",
    "user": [
      "admin"
    ],
    "content_json": "{\"pk\": 3, \"path\": \"00010001\", \"depth\": 2, \"numchild\": 1, \"title\": \"Home\", \"draft_title\": \"Home\", \"slug\": \"home\", \"content_type\": 2, \"live\": true, \"has_unpublished_changes\": false, \"url_path\": \"/home/\", \"owner\": null, \"seo_title\": \"\", \"show_in_menus\": false, \"search_description\": \"\", \"go_live_at\": null, \"expire_at\": null, \"expired\": false, \"locked\": false, \"first_published_at\": \"2018-10-22T10:57:04.927Z\", \"last_published_at\": \"2018-11-26T08:45:24.931Z\", \"latest_revision_created_at\": \"2018-11-26T08:45:24.912Z\", \"live_revision\": 3, \"body\": \"[{\\\"type\\\": \\\"action_link\\\", \\\"value\\\": {\\\"text\\\": \\\"Action Link\\\", \\\"external_url\\\": \\\"https://example.com\\\"}, \\\"id\\\": \\\"275caa12-937e-42a5-8ef3-caa05584c8ce\\\"}, {\\\"type\\\": \\\"warning_callout\\\", \\\"value\\\": \\\"<p>This is a warning callout box! It contains <b>RichText</b></p>\\\", \\\"id\\\": \\\"d58c67a7-857b-4729-8957-40dee5d9a396\\\"}, {\\\"type\\\": \\\"care_card\\\", \\\"value\\\": {\\\"title\\\": \\\"Non-urgent:\\\", \\\"body\\\": \\\"<p>This is a primary care card</p>\\\", \\\"type\\\": \\\"primary\\\"}, \\\"id\\\": \\\"77a893d7-b810-4c72-a194-749da2d33b88\\\"}, {\\\"type\\\": \\\"care_card\\\", \\\"value\\\": {\\\"title\\\": \\\"Urgent:\\\", \\\"body\\\": \\\"<p>This is an urgent care card</p>\\\", \\\"type\\\": \\\"urgent\\\"}, \\\"id\\\": \\\"84faa876-06d1-493a-8776-3e63ffc3ac71\\\"}, {\\\"type\\\": \\\"care_card\\\", \\\"value\\\": {\\\"title\\\": \\\"Immediate!\\\", \\\"body\\\": \\\"<p>This is an immediate care card</p>\\\", \\\"type\\\": \\\"immediate\\\"}, \\\"id\\\": \\\"c9531ae4-ea87-4e07-8214-11669dbeae68\\\"}]\"}",
    "approved_go_live_at": null
  }
},
{
  "model": "wagtailcore.pagerevision",
  "pk": 7,
  "fields": {
    "page": 3,
    "submitted_for_moderation": false,
    "created_at": "2018-11-26T16:27:51.222Z",
    "user": [
      "admin"
    ],
    "content_json": "{\"pk\": 3, \"path\": \"00010001\", \"depth\": 2, \"numchild\": 1, \"title\": \"Home\", \"draft_title\": \"Home\", \"slug\": \"home\", \"content_type\": 2, \"live\": true, \"has_unpublished_changes\": false, \"url_path\": \"/home/\", \"owner\": null, \"seo_title\": \"\", \"show_in_menus\": false, \"search_description\": \"\", \"go_live_at\": null, \"expire_at\": null, \"expired\": false, \"locked\": false, \"first_published_at\": \"2018-10-22T10:57:04.927Z\", \"last_published_at\": \"2018-11-26T16:04:21.875Z\", \"latest_revision_created_at\": \"2018-11-26T16:04:21.854Z\", \"live_revision\": 6, \"body\": \"[{\\\"type\\\": \\\"action_link\\\", \\\"value\\\": {\\\"text\\\": \\\"Action Link\\\", \\\"external_url\\\": \\\"https://example.com\\\"}, \\\"id\\\": \\\"275caa12-937e-42a5-8ef3-caa05584c8ce\\\"}, {\\\"type\\\": \\\"warning_callout\\\", \\\"value\\\": \\\"<p>This is a warning callout box! It contains <b>RichText</b></p>\\\", \\\"id\\\": \\\"d58c67a7-857b-4729-8957-40dee5d9a396\\\"}, {\\\"type\\\": \\\"care_card\\\", \\\"value\\\": {\\\"title\\\": \\\"Non-urgent:\\\", \\\"body\\\": \\\"<p>This is a primary care card</p>\\\", \\\"type\\\": \\\"primary\\\"}, \\\"id\\\": \\\"77a893d7-b810-4c72-a194-749da2d33b88\\\"}, {\\\"type\\\": \\\"care_card\\\", \\\"value\\\": {\\\"title\\\": \\\"Urgent:\\\", \\\"body\\\": \\\"<p>This is an urgent care card</p>\\\", \\\"type\\\": \\\"urgent\\\"}, \\\"id\\\": \\\"84faa876-06d1-493a-8776-3e63ffc3ac71\\\"}, {\\\"type\\\": \\\"care_card\\\", \\\"value\\\": {\\\"title\\\": \\\"Immediate!\\\", \\\"body\\\": \\\"<p>This is an immediate care card</p>\\\", \\\"type\\\": \\\"immediate\\\"}, \\\"id\\\": \\\"c9531ae4-ea87-4e07-8214-11669dbeae68\\\"}, {\\\"type\\\": \\\"care_card\\\", \\\"value\\\": {\\\"title\\\": \\\"awawdaw\\\", \\\"body\\\": \\\"<p>dawdawd</p>\\\", \\\"type\\\": \\\"urgent\\\"}, \\\"id\\\": \\\"001c1861-d40a-4fbe-ad93-5c999ce94161\\\"}]\"}",
    "approved_go_live_at": null
  }
},
{
  "model": "wagtailcore.pagerevision",
  "pk": 8,
  "fields": {
    "page": 3,
    "submitted_for_moderation": false,
    "created_at": "2018-11-26T16:27:59.056Z",
    "user": [
      "admin"
    ],
    "content_json": "{\"pk\": 3, \"path\": \"00010001\", \"depth\": 2, \"numchild\": 1, \"title\": \"Home\", \"draft_title\": \"Home\", \"slug\": \"home\", \"content_type\": 2, \"live\": true, \"has_unpublished_changes\": true, \"url_path\": \"/home/\", \"owner\": null, \"seo_title\": \"\", \"show_in_menus\": false, \"search_description\": \"\", \"go_live_at\": null, \"expire_at\": null, \"expired\": false, \"locked\": false, \"first_published_at\": \"2018-10-22T10:57:04.927Z\", \"last_published_at\": \"2018-11-26T16:04:21.875Z\", \"latest_revision_created_at\": \"2018-11-26T16:27:51.222Z\", \"live_revision\": 6, \"body\": \"[{\\\"type\\\": \\\"action_link\\\", \\\"value\\\": {\\\"text\\\": \\\"Action Link\\\", \\\"external_url\\\": \\\"https://example.com\\\"}, \\\"id\\\": \\\"275caa12-937e-42a5-8ef3-caa05584c8ce\\\"}, {\\\"type\\\": \\\"warning_callout\\\", \\\"value\\\": \\\"<p>This is a warning callout box! It contains <b>RichText</b></p>\\\", \\\"id\\\": \\\"d58c67a7-857b-4729-8957-40dee5d9a396\\\"}, {\\\"type\\\": \\\"care_card\\\", \\\"value\\\": {\\\"title\\\": \\\"Non-urgent:\\\", \\\"body\\\": \\\"<p>This is a primary care card</p>\\\", \\\"type\\\": \\\"primary\\\"}, \\\"id\\\": \\\"77a893d7-b810-4c72-a194-749da2d33b88\\\"}, {\\\"type\\\": \\\"care_card\\\", \\\"value\\\": {\\\"title\\\": \\\"Urgent:\\\", \\\"body\\\": \\\"<p>This is an urgent care card</p>\\\", \\\"type\\\": \\\"urgent\\\"}, \\\"id\\\": \\\"84faa876-06d1-493a-8776-3e63ffc3ac71\\\"}, {\\\"type\\\": \\\"care_card\\\", \\\"value\\\": {\\\"title\\\": \\\"Immediate!\\\", \\\"body\\\": \\\"<p>This is an immediate care card</p>\\\", \\\"type\\\": \\\"immediate\\\"}, \\\"id\\\": \\\"c9531ae4-ea87-4e07-8214-11669dbeae68\\\"}]\"}",
    "approved_go_live_at": null
  }
},
{
  "model": "wagtailcore.pagerevision",
  "pk": 9,
  "fields": {
    "page": 6,
    "submitted_for_moderation": false,
    "created_at": "2019-02-18T14:47:11.808Z",
    "user": [
      "admin"
    ],
    "content_json": "{\"pk\": 6, \"path\": \"000100010002\", \"depth\": 3, \"numchild\": 0, \"title\": \"Emergency Alert\", \"draft_title\": \"Emergency Alert\", \"slug\": \"emergency-alert\", \"content_type\": 6, \"live\": true, \"has_unpublished_changes\": false, \"url_path\": \"/home/emergency-alert/\", \"owner\": 2, \"seo_title\": \"\", \"show_in_menus\": false, \"search_description\": \"\", \"go_live_at\": null, \"expire_at\": null, \"expired\": false, \"locked\": false, \"first_published_at\": null, \"last_published_at\": null, \"latest_revision_created_at\": null, \"live_revision\": null}",
    "approved_go_live_at": null
  }
},
{
  "model": "wagtailcore.pagerevision",
  "pk": 10,
  "fields": {
    "page": 7,
    "submitted_for_moderation": false,
    "created_at": "2019-02-27T15:28:51.167Z",
    "user": [
      "admin"
    ],
    "content_json": "{\"pk\": 7, \"path\": \"000100010003\", \"depth\": 3, \"numchild\": 0, \"title\": \"Pagination\", \"draft_title\": \"Pagination\", \"slug\": \"pagination\", \"content_type\": 6, \"live\": true, \"has_unpublished_changes\": false, \"url_path\": \"/home/pagination/\", \"owner\": 2, \"seo_title\": \"\", \"show_in_menus\": false, \"search_description\": \"\", \"go_live_at\": null, \"expire_at\": null, \"expired\": false, \"locked\": false, \"first_published_at\": null, \"last_published_at\": null, \"latest_revision_created_at\": null, \"live_revision\": null}",
    "approved_go_live_at": null
  }
},
{
  "model": "wagtailcore.pagerevision",
  "pk": 11,
  "fields": {
    "page": 8,
    "submitted_for_moderation": false,
    "created_at": "2019-02-27T15:28:59.237Z",
    "user": [
      "admin"
    ],
    "content_json": "{\"pk\": 8, \"path\": \"0001000100030001\", \"depth\": 4, \"numchild\": 0, \"title\": \"Pagination page 1\", \"draft_title\": \"Pagination page 1\", \"slug\": \"pagination-page-1\", \"content_type\": 7, \"live\": true, \"has_unpublished_changes\": false, \"url_path\": \"/home/pagination/pagination-page-1/\", \"owner\": 2, \"seo_title\": \"\", \"show_in_menus\": false, \"search_description\": \"\", \"go_live_at\": null, \"expire_at\": null, \"expired\": false, \"locked\": false, \"first_published_at\": null, \"last_published_at\": null, \"latest_revision_created_at\": null, \"live_revision\": null}",
    "approved_go_live_at": null
  }
},
{
  "model": "wagtailcore.pagerevision",
  "pk": 12,
  "fields": {
    "page": 9,
    "submitted_for_moderation": false,
    "created_at": "2019-02-27T15:29:18.971Z",
    "user": [
      "admin"
    ],
    "content_json": "{\"pk\": 9, \"path\": \"0001000100030002\", \"depth\": 4, \"numchild\": 0, \"title\": \"Pagination page 2\", \"draft_title\": \"Pagination page 2\", \"slug\": \"pagination-page-2\", \"content_type\": 7, \"live\": true, \"has_unpublished_changes\": false, \"url_path\": \"/home/pagination/pagination-page-2/\", \"owner\": 2, \"seo_title\": \"\", \"show_in_menus\": false, \"search_description\": \"\", \"go_live_at\": null, \"expire_at\": null, \"expired\": false, \"locked\": false, \"first_published_at\": null, \"last_published_at\": null, \"latest_revision_created_at\": null, \"live_revision\": null}",
    "approved_go_live_at": null
  }
},
{
  "model": "wagtailcore.pagerevision",
  "pk": 13,
  "fields": {
    "page": 10,
    "submitted_for_moderation": false,
    "created_at": "2019-02-27T15:29:26.588Z",
    "user": [
      "admin"
    ],
    "content_json": "{\"pk\": 10, \"path\": \"0001000100030003\", \"depth\": 4, \"numchild\": 0, \"title\": \"Pagination page 3\", \"draft_title\": \"Pagination page 3\", \"slug\": \"pagination-page-3\", \"content_type\": 7, \"live\": true, \"has_unpublished_changes\": false, \"url_path\": \"/home/pagination/pagination-page-3/\", \"owner\": 2, \"seo_title\": \"\", \"show_in_menus\": false, \"search_description\": \"\", \"go_live_at\": null, \"expire_at\": null, \"expired\": false, \"locked\": false, \"first_published_at\": null, \"last_published_at\": null, \"latest_revision_created_at\": null, \"live_revision\": null}",
    "approved_go_live_at": null
  }
},
{
  "model": "wagtailcore.pagerevision",
  "pk": 14,
  "fields": {
    "page": 11,
    "submitted_for_moderation": false,
    "created_at": "2019-02-27T15:29:34.159Z",
    "user": [
      "admin"
    ],
    "content_json": "{\"pk\": 11, \"path\": \"0001000100030004\", \"depth\": 4, \"numchild\": 0, \"title\": \"Pagination page 4\", \"draft_title\": \"Pagination page 4\", \"slug\": \"pagination-page-4\", \"content_type\": 7, \"live\": true, \"has_unpublished_changes\": false, \"url_path\": \"/home/pagination/pagination-page-4/\", \"owner\": 2, \"seo_title\": \"\", \"show_in_menus\": false, \"search_description\": \"\", \"go_live_at\": null, \"expire_at\": null, \"expired\": false, \"locked\": false, \"first_published_at\": null, \"last_published_at\": null, \"latest_revision_created_at\": null, \"live_revision\": null}",
    "approved_go_live_at": null
  }
},
{
  "model": "wagtailcore.pagerevision",
  "pk": 15,
  "fields": {
    "page": 12,
    "submitted_for_moderation": false,
    "created_at": "2019-02-27T15:42:01.813Z",
    "user": [
      "admin"
    ],
    "content_json": "{\"pk\": 12, \"path\": \"0001000100030005\", \"depth\": 4, \"numchild\": 0, \"title\": \"no show\", \"draft_title\": \"no show\", \"slug\": \"no-show\", \"content_type\": 7, \"live\": false, \"has_unpublished_changes\": false, \"url_path\": \"/home/pagination/no-show/\", \"owner\": 2, \"seo_title\": \"\", \"show_in_menus\": false, \"search_description\": \"\", \"go_live_at\": null, \"expire_at\": null, \"expired\": false, \"locked\": false, \"first_published_at\": null, \"last_published_at\": null, \"latest_revision_created_at\": null, \"live_revision\": null}",
    "approved_go_live_at": null
  }
},
{
  "model": "wagtailcore.pagerevision",
  "pk": 16,
  "fields": {
    "page": 3,
    "submitted_for_moderation": false,
    "created_at": "2019-02-27T22:41:39.718Z",
    "user": [
      "admin"
    ],
    "content_json": "{\"pk\": 3, \"path\": \"00010001\", \"depth\": 2, \"numchild\": 3, \"title\": \"Home\", \"draft_title\": \"Home\", \"slug\": \"home\", \"content_type\": 2, \"live\": true, \"has_unpublished_changes\": false, \"url_path\": \"/home/\", \"owner\": null, \"seo_title\": \"\", \"show_in_menus\": false, \"search_description\": \"\", \"go_live_at\": null, \"expire_at\": null, \"expired\": false, \"locked\": false, \"first_published_at\": \"2018-10-22T10:57:04.927Z\", \"last_published_at\": \"2019-04-06T21:03:32.160Z\", \"latest_revision_created_at\": \"2019-04-06T21:03:32.142Z\", \"live_revision\": 17, \"last_review_date\": null, \"next_review_date\": null, \"body\": \"[{\\\"type\\\": \\\"action_link\\\", \\\"value\\\": {\\\"text\\\": \\\"Action Link\\\", \\\"external_url\\\": \\\"https://example.com\\\"}, \\\"id\\\": \\\"275caa12-937e-42a5-8ef3-caa05584c8ce\\\"}, {\\\"type\\\": \\\"care_card\\\", \\\"value\\\": {\\\"type\\\": \\\"primary\\\", \\\"title\\\": \\\"Non-urgent:\\\", \\\"body\\\": \\\"<p>This is a primary care card</p>\\\"}, \\\"id\\\": \\\"77a893d7-b810-4c72-a194-749da2d33b88\\\"}, {\\\"type\\\": \\\"care_card\\\", \\\"value\\\": {\\\"type\\\": \\\"urgent\\\", \\\"title\\\": \\\"Urgent:\\\", \\\"body\\\": \\\"<p>This is an urgent care card</p>\\\"}, \\\"id\\\": \\\"84faa876-06d1-493a-8776-3e63ffc3ac71\\\"}, {\\\"type\\\": \\\"care_card\\\", \\\"value\\\": {\\\"type\\\": \\\"immediate\\\", \\\"title\\\": \\\"Immediate!\\\", \\\"body\\\": \\\"<p>This is an immediate care card</p>\\\"}, \\\"id\\\": \\\"c9531ae4-ea87-4e07-8214-11669dbeae68\\\"}, {\\\"type\\\": \\\"details\\\", \\\"value\\\": {\\\"title\\\": \\\"Details\\\", \\\"body\\\": \\\"<p>Make a page easier to scan by letting users reveal more detailed information only if they need it.</p>\\\"}, \\\"id\\\": \\\"aae2d50c-e288-461c-96c6-ffcd9c5f6391\\\"}, {\\\"type\\\": \\\"do_list\\\", \\\"value\\\": {\\\"do\\\": [\\\"<p>Do be good</p>\\\", \\\"<p>Do be happy</p>\\\", \\\"<p>Do be early</p>\\\", \\\"<p>Always eat what&#x27;s on your plate</p>\\\"]}, \\\"id\\\": \\\"899d3256-5d11-4ff1-8cc5-381998a7f17c\\\"}, {\\\"type\\\": \\\"dont_list\\\", \\\"value\\\": {\\\"dont\\\": [\\\"<p>Don&#x27;t be bad</p>\\\", \\\"<p>Don&#x27;t be sad</p>\\\", \\\"<p>Don&#x27;t be late</p>\\\"]}, \\\"id\\\": \\\"099120af-4a22-431c-a567-2fa9662b543e\\\"}, {\\\"type\\\": \\\"expander\\\", \\\"value\\\": {\\\"title\\\": \\\"Expander\\\", \\\"body\\\": \\\"<p>Make a complex topic easier to digest by letting users reveal more detailed information only if they need it.</p>\\\"}, \\\"id\\\": \\\"0c5e7b95-1fe8-4267-b9c7-de722792b381\\\"}, {\\\"type\\\": \\\"expander_group\\\", \\\"value\\\": {\\\"expanders\\\": [{\\\"title\\\": \\\"One\\\", \\\"body\\\": \\\"<p>First expander</p>\\\"}, {\\\"title\\\": \\\"Two\\\", \\\"body\\\": \\\"<p>Second expander</p>\\\"}, {\\\"title\\\": \\\"Three\\\", \\\"body\\\": \\\"<p>Third expander</p>\\\"}]}, \\\"id\\\": \\\"cde766b8-1c9d-43d2-bc5d-ab941bcd5a5b\\\"}, {\\\"type\\\": \\\"inset_text\\\", \\\"value\\\": \\\"<p>Use inset text to help users identify and understand important content on the page, even if they don&#x27;t read the whole page.</p>\\\", \\\"id\\\": \\\"d9739fb8-2dc9-4355-8ced-8d91f37d2c73\\\"}, {\\\"type\\\": \\\"image\\\", \\\"value\\\": {\\\"content_image\\\": 1, \\\"alt_text\\\": \\\"The BBC test card. A girl playing naughts and crosses on a blackboard with a clown doll\\\", \\\"caption\\\": \\\"BBC test card F\\\"}, \\\"id\\\": \\\"9d060424-43d3-4945-9d3a-f56601c85f5f\\\"}, {\\\"type\\\": \\\"panel\\\", \\\"value\\\": {\\\"labeled_title\\\": \\\"Panel\\\", \\\"body\\\": \\\"<p>Panel with a blue title</p>\\\"}, \\\"id\\\": \\\"f02f483f-7c7d-4974-8efe-e2c3ead9d5f6\\\"}, {\\\"type\\\": \\\"panel\\\", \\\"value\\\": {\\\"labeled_title\\\": \\\"\\\", \\\"body\\\": \\\"<p>Panels don&#x27;t require a title</p>\\\"}, \\\"id\\\": \\\"56a804c5-3326-4f45-b542-1b49f6a83961\\\"}, {\\\"type\\\": \\\"warning_callout\\\", \\\"value\\\": \\\"<p>This is a warning callout box! It contains <b>RichText</b></p>\\\", \\\"id\\\": \\\"d58c67a7-857b-4729-8957-40dee5d9a396\\\"}]\"}",
    "approved_go_live_at": null
  }
},
{
  "model": "wagtailcore.page",
  "pk": 1,
  "fields": {
    "path": "0001",
    "depth": 1,
    "numchild": 1,
    "title": "Root",
    "draft_title": "Root",
    "slug": "root",
    "content_type": [
      "wagtailcore",
      "page"
    ],
    "live": true,
    "has_unpublished_changes": false,
    "url_path": "/",
    "owner": null,
    "seo_title": "",
    "show_in_menus": false,
    "search_description": "",
    "go_live_at": null,
    "expire_at": null,
    "expired": false,
    "locked": false,
    "first_published_at": null,
    "last_published_at": null,
    "latest_revision_created_at": null,
    "live_revision": null
  }
},
{
  "model": "wagtailcore.page",
  "pk": 3,
  "fields": {
    "path": "00010001",
    "depth": 2,
    "numchild": 3,
    "title": "Home",
    "draft_title": "Home",
    "slug": "home",
    "content_type": [
      "home",
      "homepage"
    ],
    "live": true,
    "has_unpublished_changes": false,
    "url_path": "/home/",
    "owner": null,
    "seo_title": "",
    "show_in_menus": false,
    "search_description": "",
    "go_live_at": null,
    "expire_at": null,
    "expired": false,
    "locked": false,
    "first_published_at": "2018-10-22T10:57:04.927Z",
    "last_published_at": "2019-04-06T21:10:02.527Z",
    "latest_revision_created_at": "2019-04-06T21:10:02.513Z",
    "live_revision": 16
  }
},
{
  "model": "wagtailcore.page",
  "pk": 4,
  "fields": {
    "path": "000100010001",
    "depth": 3,
    "numchild": 1,
    "title": "Page 1",
    "draft_title": "Page 1",
    "slug": "page-1",
    "content_type": [
      "home",
      "childpage"
    ],
    "live": true,
    "has_unpublished_changes": false,
    "url_path": "/home/page-1/",
    "owner": [
      "admin"
    ],
    "seo_title": "",
    "show_in_menus": false,
    "search_description": "",
    "go_live_at": null,
    "expire_at": null,
    "expired": false,
    "locked": false,
    "first_published_at": "2018-11-26T10:01:13.573Z",
    "last_published_at": "2018-11-26T10:01:13.573Z",
    "latest_revision_created_at": "2018-11-26T10:01:13.559Z",
    "live_revision": 4
  }
},
{
  "model": "wagtailcore.page",
  "pk": 5,
  "fields": {
    "path": "0001000100010001",
    "depth": 4,
    "numchild": 0,
    "title": "Page 2",
    "draft_title": "Page 2",
    "slug": "page-2",
    "content_type": [
      "home",
      "childpage"
    ],
    "live": true,
    "has_unpublished_changes": false,
    "url_path": "/home/page-1/page-2/",
    "owner": [
      "admin"
    ],
    "seo_title": "",
    "show_in_menus": false,
    "search_description": "",
    "go_live_at": null,
    "expire_at": null,
    "expired": false,
    "locked": false,
    "first_published_at": "2018-11-26T10:01:20.599Z",
    "last_published_at": "2018-11-26T10:01:20.599Z",
    "latest_revision_created_at": "2018-11-26T10:01:20.582Z",
    "live_revision": 5
  }
},
{
  "model": "wagtailcore.page",
  "pk": 6,
  "fields": {
    "path": "000100010002",
    "depth": 3,
    "numchild": 0,
    "title": "Emergency Alert",
    "draft_title": "Emergency Alert",
    "slug": "emergency-alert",
    "content_type": [
      "home",
      "childpage"
    ],
    "live": true,
    "has_unpublished_changes": false,
    "url_path": "/home/emergency-alert/",
    "owner": [
      "admin"
    ],
    "seo_title": "",
    "show_in_menus": false,
    "search_description": "",
    "go_live_at": null,
    "expire_at": null,
    "expired": false,
    "locked": false,
    "first_published_at": "2019-02-18T14:47:11.821Z",
    "last_published_at": "2019-02-18T14:47:11.821Z",
    "latest_revision_created_at": "2019-02-18T14:47:11.808Z",
    "live_revision": 9
  }
},
{
  "model": "wagtailcore.page",
  "pk": 7,
  "fields": {
    "path": "000100010003",
    "depth": 3,
    "numchild": 5,
    "title": "Pagination",
    "draft_title": "Pagination",
    "slug": "pagination",
    "content_type": [
      "home",
      "childpage"
    ],
    "live": true,
    "has_unpublished_changes": false,
    "url_path": "/home/pagination/",
    "owner": [
      "admin"
    ],
    "seo_title": "",
    "show_in_menus": false,
    "search_description": "",
    "go_live_at": null,
    "expire_at": null,
    "expired": false,
    "locked": false,
    "first_published_at": "2019-02-27T15:28:51.182Z",
    "last_published_at": "2019-02-27T15:28:51.182Z",
    "latest_revision_created_at": "2019-02-27T15:28:51.167Z",
    "live_revision": 10
  }
},
{
  "model": "wagtailcore.page",
  "pk": 8,
  "fields": {
    "path": "0001000100030001",
    "depth": 4,
    "numchild": 0,
    "title": "Pagination page 1",
    "draft_title": "Pagination page 1",
    "slug": "pagination-page-1",
    "content_type": [
      "home",
      "paginationpage"
    ],
    "live": true,
    "has_unpublished_changes": false,
    "url_path": "/home/pagination/pagination-page-1/",
    "owner": [
      "admin"
    ],
    "seo_title": "",
    "show_in_menus": false,
    "search_description": "",
    "go_live_at": null,
    "expire_at": null,
    "expired": false,
    "locked": false,
    "first_published_at": "2019-02-27T15:28:59.250Z",
    "last_published_at": "2019-02-27T15:28:59.250Z",
    "latest_revision_created_at": "2019-02-27T15:28:59.237Z",
    "live_revision": 11
  }
},
{
  "model": "wagtailcore.page",
  "pk": 9,
  "fields": {
    "path": "0001000100030002",
    "depth": 4,
    "numchild": 0,
    "title": "Pagination page 2",
    "draft_title": "Pagination page 2",
    "slug": "pagination-page-2",
    "content_type": [
      "home",
      "paginationpage"
    ],
    "live": true,
    "has_unpublished_changes": false,
    "url_path": "/home/pagination/pagination-page-2/",
    "owner": [
      "admin"
    ],
    "seo_title": "",
    "show_in_menus": false,
    "search_description": "",
    "go_live_at": null,
    "expire_at": null,
    "expired": false,
    "locked": false,
    "first_published_at": "2019-02-27T15:29:18.985Z",
    "last_published_at": "2019-02-27T15:29:18.985Z",
    "latest_revision_created_at": "2019-02-27T15:29:18.971Z",
    "live_revision": 12
  }
},
{
  "model": "wagtailcore.page",
  "pk": 10,
  "fields": {
    "path": "0001000100030004",
    "depth": 4,
    "numchild": 0,
    "title": "Pagination page 3",
    "draft_title": "Pagination page 3",
    "slug": "pagination-page-3",
    "content_type": [
      "home",
      "paginationpage"
    ],
    "live": true,
    "has_unpublished_changes": false,
    "url_path": "/home/pagination/pagination-page-3/",
    "owner": [
      "admin"
    ],
    "seo_title": "",
    "show_in_menus": false,
    "search_description": "",
    "go_live_at": null,
    "expire_at": null,
    "expired": false,
    "locked": false,
    "first_published_at": "2019-02-27T15:29:26.602Z",
    "last_published_at": "2019-02-27T15:29:26.602Z",
    "latest_revision_created_at": "2019-02-27T15:29:26.588Z",
    "live_revision": 13
  }
},
{
  "model": "wagtailcore.page",
  "pk": 11,
  "fields": {
    "path": "0001000100030005",
    "depth": 4,
    "numchild": 0,
    "title": "Pagination page 4",
    "draft_title": "Pagination page 4",
    "slug": "pagination-page-4",
    "content_type": [
      "home",
      "paginationpage"
    ],
    "live": true,
    "has_unpublished_changes": false,
    "url_path": "/home/pagination/pagination-page-4/",
    "owner": [
      "admin"
    ],
    "seo_title": "",
    "show_in_menus": false,
    "search_description": "",
    "go_live_at": null,
    "expire_at": null,
    "expired": false,
    "locked": false,
    "first_published_at": "2019-02-27T15:29:34.173Z",
    "last_published_at": "2019-02-27T15:29:34.173Z",
    "latest_revision_created_at": "2019-02-27T15:29:34.159Z",
    "live_revision": 14
  }
},
{
  "model": "wagtailcore.page",
  "pk": 12,
  "fields": {
    "path": "0001000100030003",
    "depth": 4,
    "numchild": 0,
    "title": "no show",
    "draft_title": "no show",
    "slug": "no-show",
    "content_type": [
      "home",
      "paginationpage"
    ],
    "live": false,
    "has_unpublished_changes": true,
    "url_path": "/home/pagination/no-show/",
    "owner": [
      "admin"
    ],
    "seo_title": "",
    "show_in_menus": false,
    "search_description": "",
    "go_live_at": null,
    "expire_at": null,
    "expired": false,
    "locked": false,
    "first_published_at": null,
    "last_published_at": null,
    "latest_revision_created_at": "2019-02-27T15:42:01.813Z",
    "live_revision": null
  }
},
{
  "model": "wagtailimages.image",
  "pk": 1,
  "fields": {
    "collection": 1,
    "title": "BBC Testcard",
    "file": "original_images/bbc-testcard.jpg",
    "width": 1280,
    "height": 720,
    "created_at": "2019-04-06T21:06:10.741Z",
    "uploaded_by_user": [
      "admin"
    ],
    "focal_point_x": null,
    "focal_point_y": null,
    "focal_point_width": null,
    "focal_point_height": null,
    "file_size": 75827,
    "file_hash": "2d846853dce56a9d114fe6ddf881e6a061bd6c3e"
  }
},
{
  "model": "home.paginationpage",
  "pk": 8,
  "fields": {}
},
{
  "model": "home.paginationpage",
  "pk": 9,
  "fields": {}
},
{
  "model": "home.paginationpage",
  "pk": 10,
  "fields": {}
},
{
  "model": "home.paginationpage",
  "pk": 11,
  "fields": {}
},
{
  "model": "home.paginationpage",
  "pk": 12,
  "fields": {}
},
{
  "model": "home.childpage",
  "pk": 4,
  "fields": {}
},
{
  "model": "home.childpage",
  "pk": 5,
  "fields": {}
},
{
  "model": "home.childpage",
  "pk": 6,
  "fields": {}
},
{
  "model": "home.childpage",
  "pk": 7,
  "fields": {}
},
{
  "model": "home.homepage",
  "pk": 3,
  "fields": {
    "last_review_date": null,
    "next_review_date": null,
    "body": "[{\"type\": \"action_link\", \"value\": {\"text\": \"Action Link\", \"external_url\": \"https://example.com\"}, \"id\": \"275caa12-937e-42a5-8ef3-caa05584c8ce\"}, {\"type\": \"care_card\", \"value\": {\"type\": \"primary\", \"title\": \"Non-urgent:\", \"body\": \"<p>This is a primary care card</p>\"}, \"id\": \"77a893d7-b810-4c72-a194-749da2d33b88\"}, {\"type\": \"care_card\", \"value\": {\"type\": \"urgent\", \"title\": \"Urgent:\", \"body\": \"<p>This is an urgent care card</p>\"}, \"id\": \"84faa876-06d1-493a-8776-3e63ffc3ac71\"}, {\"type\": \"care_card\", \"value\": {\"type\": \"immediate\", \"title\": \"Immediate!\", \"body\": \"<p>This is an immediate care card</p>\"}, \"id\": \"c9531ae4-ea87-4e07-8214-11669dbeae68\"}, {\"type\": \"details\", \"value\": {\"title\": \"Details\", \"body\": \"<p>Make a page easier to scan by letting users reveal more detailed information only if they need it.</p>\"}, \"id\": \"aae2d50c-e288-461c-96c6-ffcd9c5f6391\"}, {\"type\": \"do_list\", \"value\": {\"do\": [\"<p>Do be good</p>\", \"<p>Do be happy</p>\", \"<p>Do be early</p>\", \"<p>Always eat what&#x27;s on your plate</p>\"]}, \"id\": \"899d3256-5d11-4ff1-8cc5-381998a7f17c\"}, {\"type\": \"dont_list\", \"value\": {\"dont\": [\"<p>Don&#x27;t be bad</p>\", \"<p>Don&#x27;t be sad</p>\", \"<p>Don&#x27;t be late</p>\"]}, \"id\": \"099120af-4a22-431c-a567-2fa9662b543e\"}, {\"type\": \"expander\", \"value\": {\"title\": \"Expander\", \"body\": \"<p>Make a complex topic easier to digest by letting users reveal more detailed information only if they need it.</p>\"}, \"id\": \"0c5e7b95-1fe8-4267-b9c7-de722792b381\"}, {\"type\": \"expander_group\", \"value\": {\"expanders\": [{\"title\": \"One\", \"body\": \"<p>First expander</p>\"}, {\"title\": \"Two\", \"body\": \"<p>Second expander</p>\"}, {\"title\": \"Three\", \"body\": \"<p>Third expander</p>\"}]}, \"id\": \"cde766b8-1c9d-43d2-bc5d-ab941bcd5a5b\"}, {\"type\": \"inset_text\", \"value\": \"<p>Use inset text to help users identify and understand important content on the page, even if they don&#x27;t read the whole page.</p>\", \"id\": \"d9739fb8-2dc9-4355-8ced-8d91f37d2c73\"}, {\"type\": \"image\", \"value\": {\"content_image\": 1, \"alt_text\": \"The BBC test card. A girl playing naughts and crosses on a blackboard with a clown doll\", \"caption\": \"BBC test card F\"}, \"id\": \"9d060424-43d3-4945-9d3a-f56601c85f5f\"}, {\"type\": \"panel\", \"value\": {\"labeled_title\": \"Panel\", \"body\": \"<p>Panel with a blue title</p>\"}, \"id\": \"f02f483f-7c7d-4974-8efe-e2c3ead9d5f6\"}, {\"type\": \"panel\", \"value\": {\"labeled_title\": \"\", \"body\": \"<p>Panels don&#x27;t require a title</p>\"}, \"id\": \"56a804c5-3326-4f45-b542-1b49f6a83961\"}, {\"type\": \"warning_callout\", \"value\": \"<p>This is a warning callout box! It contains <b>RichText</b></p>\", \"id\": \"d58c67a7-857b-4729-8957-40dee5d9a396\"}]"
  }
}
]
