[
{
  "model": "wagtailnhsukfrontendsettings.navigationlink",
  "pk": 1,
  "fields": {
    "sort_order": 0,
    "setting": 1,
    "label": "Breadcrumb Test Page 1",
    "page": 4
  }
},
{
  "model": "wagtailnhsukfrontendsettings.navigationlink",
  "pk": 2,
  "fields": {
    "sort_order": 1,
    "setting": 1,
    "label": "Breadcrumb Test Page 2",
    "page": 5
  }
},
{
  "model": "wagtailnhsukfrontendsettings.navigationlink",
  "pk": 3,
  "fields": {
    "sort_order": 2,
    "setting": 1,
    "label": "Emergency Alert",
    "page": 6
  }
},
{
  "model": "wagtailcore.site",
  "fields": {
    "hostname": "localhost",
    "port": 80,
    "site_name": null,
    "root_page": 3,
    "is_default_site": true
  }
},
{
  "model": "wagtailcore.collection",
  "pk": 1,
  "fields": {
    "path": "0001",
    "depth": 1,
    "numchild": 0,
    "name": "Root"
  }
},
{
  "model": "contenttypes.contenttype",
  "fields": {
    "app_label": "wagtailcore",
    "model": "page"
  }
},
{
  "model": "contenttypes.contenttype",
  "fields": {
    "app_label": "home",
    "model": "homepage"
  }
},
{
  "model": "contenttypes.contenttype",
  "fields": {
    "app_label": "wagtailnhsukfrontendsettings",
    "model": "headersettings"
  }
},
{
  "model": "contenttypes.contenttype",
  "fields": {
    "app_label": "wagtailnhsukfrontendsettings",
    "model": "navigationlink"
  }
},
{
  "model": "contenttypes.contenttype",
  "fields": {
    "app_label": "wagtailadmin",
    "model": "admin"
  }
},
{
  "model": "contenttypes.contenttype",
  "fields": {
    "app_label": "wagtaildocs",
    "model": "document"
  }
},
{
  "model": "contenttypes.contenttype",
  "fields": {
    "app_label": "wagtailimages",
    "model": "image"
  }
},
{
  "model": "contenttypes.contenttype",
  "fields": {
    "app_label": "wagtailforms",
    "model": "formsubmission"
  }
},
{
  "model": "contenttypes.contenttype",
  "fields": {
    "app_label": "wagtailredirects",
    "model": "redirect"
  }
},
{
  "model": "contenttypes.contenttype",
  "fields": {
    "app_label": "wagtailembeds",
    "model": "embed"
  }
},
{
  "model": "contenttypes.contenttype",
  "fields": {
    "app_label": "wagtailusers",
    "model": "userprofile"
  }
},
{
  "model": "contenttypes.contenttype",
  "fields": {
    "app_label": "wagtailimages",
    "model": "rendition"
  }
},
{
  "model": "contenttypes.contenttype",
  "fields": {
    "app_label": "wagtailsearch",
    "model": "query"
  }
},
{
  "model": "contenttypes.contenttype",
  "fields": {
    "app_label": "wagtailsearch",
    "model": "querydailyhits"
  }
},
{
  "model": "contenttypes.contenttype",
  "fields": {
    "app_label": "wagtailcore",
    "model": "grouppagepermission"
  }
},
{
  "model": "contenttypes.contenttype",
  "fields": {
    "app_label": "wagtailcore",
    "model": "pagerevision"
  }
},
{
  "model": "contenttypes.contenttype",
  "fields": {
    "app_label": "wagtailcore",
    "model": "pageviewrestriction"
  }
},
{
  "model": "contenttypes.contenttype",
  "fields": {
    "app_label": "wagtailcore",
    "model": "site"
  }
},
{
  "model": "contenttypes.contenttype",
  "fields": {
    "app_label": "wagtailcore",
    "model": "collection"
  }
},
{
  "model": "contenttypes.contenttype",
  "fields": {
    "app_label": "wagtailcore",
    "model": "groupcollectionpermission"
  }
},
{
  "model": "contenttypes.contenttype",
  "fields": {
    "app_label": "wagtailcore",
    "model": "collectionviewrestriction"
  }
},
{
  "model": "contenttypes.contenttype",
  "fields": {
    "app_label": "taggit",
    "model": "tag"
  }
},
{
  "model": "contenttypes.contenttype",
  "fields": {
    "app_label": "taggit",
    "model": "taggeditem"
  }
},
{
  "model": "contenttypes.contenttype",
  "fields": {
    "app_label": "admin",
    "model": "logentry"
  }
},
{
  "model": "contenttypes.contenttype",
  "fields": {
    "app_label": "auth",
    "model": "permission"
  }
},
{
  "model": "contenttypes.contenttype",
  "fields": {
    "app_label": "auth",
    "model": "group"
  }
},
{
  "model": "contenttypes.contenttype",
  "fields": {
    "app_label": "auth",
    "model": "user"
  }
},
{
  "model": "contenttypes.contenttype",
  "fields": {
    "app_label": "contenttypes",
    "model": "contenttype"
  }
},
{
  "model": "contenttypes.contenttype",
  "fields": {
    "app_label": "sessions",
    "model": "session"
  }
},
{
  "model": "contenttypes.contenttype",
  "fields": {
    "app_label": "home",
    "model": "childpage"
  }
},
{
  "model": "contenttypes.contenttype",
  "fields": {
    "app_label": "wagtailnhsukfrontendsettings",
    "model": "emergencyalert"
  }
},
{
  "model": "sessions.session",
  "pk": "f0lrqd5ud66af4dsr3t56tixtl6x3juq",
  "fields": {
    "session_data": "YTEyM2Q4ODE2ZTNkMjY4OTZmN2RiMDlhNzZlNThiYzExZjQ2MDZjYjp7Il9hdXRoX3VzZXJfaWQiOiIxIiwiX2F1dGhfdXNlcl9iYWNrZW5kIjoiZGphbmdvLmNvbnRyaWIuYXV0aC5iYWNrZW5kcy5Nb2RlbEJhY2tlbmQiLCJfYXV0aF91c2VyX2hhc2giOiIyZThjZmI5NTFlNmVmNjRjZGU0OWI5NjEzNzMxY2ZlOTY1MWMzYTlhIn0=",
    "expire_date": "2018-11-05T10:48:55.097Z"
  }
},
{
  "model": "sessions.session",
  "pk": "qntbg6vtxa8gii9g4v7a5kg1erzhbfc0",
  "fields": {
    "session_data": "MWM0OGY5NzMxZjE3ZjU3YTg1NDI5ZDMwZGRiNDVlNGE3NDY5NmIyNjp7Il9hdXRoX3VzZXJfaWQiOiIzIiwiX2F1dGhfdXNlcl9iYWNrZW5kIjoiZGphbmdvLmNvbnRyaWIuYXV0aC5iYWNrZW5kcy5Nb2RlbEJhY2tlbmQiLCJfYXV0aF91c2VyX2hhc2giOiIzNDVjNDE0MGJkNzhmZjZlMTdlZmE4ODFhYTlmZGM2Mjk1NjU4OTAxIn0=",
    "expire_date": "2019-01-30T21:37:31.190Z"
  }
},
{
  "model": "sessions.session",
  "pk": "wgl6981bbypxslq534lndvtfktm6mbn7",
  "fields": {
    "session_data": "NmViOTdjOWZjOWU5ZDZkZWQ2YTljNGY1MjYyMWQwYTZkMmJmNjQ4Mzp7Il9hdXRoX3VzZXJfaWQiOiIyIiwiX2F1dGhfdXNlcl9iYWNrZW5kIjoiZGphbmdvLmNvbnRyaWIuYXV0aC5iYWNrZW5kcy5Nb2RlbEJhY2tlbmQiLCJfYXV0aF91c2VyX2hhc2giOiI5YWNiOWFhNzAwZDE0MmFjNjkwZDhiMGE4MWVmZTUzM2RkZWQyMjk5Iiwid2FndGFpbC1wcmV2aWV3LTMiOlsiY3NyZm1pZGRsZXdhcmV0b2tlbj1sZ0JicWJpa2ZvZzJvWmZJNXRqSWt5WDd2MmVva1ZNN1M4MTFaa1ZtS21ycTVvU2swV0NYSHJxRHN1UEZUZURmJm5leHQ9JnRpdGxlPUhvbWUmYm9keS1jb3VudD02JmJvZHktMC1kZWxldGVkPSZib2R5LTAtb3JkZXI9MCZib2R5LTAtdHlwZT1hY3Rpb25fbGluayZib2R5LTAtaWQ9Mjc1Y2FhMTItOTM3ZS00MmE1LThlZjMtY2FhMDU1ODRjOGNlJmJvZHktMC12YWx1ZS10ZXh0PUFjdGlvbitMaW5rJmJvZHktMC12YWx1ZS1leHRlcm5hbF91cmw9aHR0cHMlM0ElMkYlMkZleGFtcGxlLmNvbSZib2R5LTEtZGVsZXRlZD0mYm9keS0xLW9yZGVyPTEmYm9keS0xLXR5cGU9Y2FsbG91dCZib2R5LTEtaWQ9ZDU4YzY3YTctODU3Yi00NzI5LTg5NTctNDBkZWU1ZDlhMzk2JmJvZHktMS12YWx1ZT0lN0IlMEQlMEErKysrJTIyYmxvY2tzJTIyJTNBKyU1QiUwRCUwQSsrKysrKysrJTdCJTBEJTBBKysrKysrKysrKysrJTIya2V5JTIyJTNBKyUyMnVrY295JTIyJTJDJTBEJTBBKysrKysrKysrKysrJTIydHlwZSUyMiUzQSslMjJ1bnN0eWxlZCUyMiUyQyUwRCUwQSsrKysrKysrKysrKyUyMmRlcHRoJTIyJTNBKzAlMkMlMEQlMEErKysrKysrKysrKyslMjJ0ZXh0JTIyJTNBKyUyMlRoaXMraXMrYStjYWxsb3V0K2JveCUyMStJdCtjb250YWlucytSaWNoVGV4dCUyMiUyQyUwRCUwQSsrKysrKysrKysrKyUyMmlubGluZVN0eWxlUmFuZ2VzJTIyJTNBKyU1QiUwRCUwQSsrKysrKysrKysrKysrKyslN0IlMEQlMEErKysrKysrKysrKysrKysrKysrKyUyMm9mZnNldCUyMiUzQSszNSUyQyUwRCUwQSsrKysrKysrKysrKysrKysrKysrJTIybGVuZ3RoJTIyJTNBKzglMkMlMEQlMEErKysrKysrKysrKysrKysrKysrKyUyMnN0eWxlJTIyJTNBKyUyMkJPTEQlMjIlMEQlMEErKysrKysrKysrKysrKysrJTdEJTBEJTBBKysrKysrKysrKysrJTVEJTJDJTBEJTBBKysrKysrKysrKysrJTIyZW50aXR5UmFuZ2VzJTIyJTNBKyU1QiU1RCUwRCUwQSsrKysrKysrJTdEJTBEJTBBKysrKyU1RCUyQyUwRCUwQSsrKyslMjJlbnRpdHlNYXAlMjIlM0ErJTdCJTdEJTBEJTBBJTdEJmJvZHktMi1kZWxldGVkPSZib2R5LTItb3JkZXI9MiZib2R5LTItdHlwZT1jYXJlX2NhcmQmYm9keS0yLWlkPTc3YTg5M2Q3LWI4MTAtNGM3Mi1hMTk0LTc0OWRhMmQzM2I4OCZib2R5LTItdmFsdWUtdGl0bGU9Tm9uLXVyZ2VudCUzQSZib2R5LTItdmFsdWUtYm9keT0lN0IlMEQlMEErKysrJTIyYmxvY2tzJTIyJTNBKyU1QiUwRCUwQSsrKysrKysrJTdCJTBEJTBBKysrKysrKysrKysrJTIya2V5JTIyJTNBKyUyMm50MGk3JTIyJTJDJTBEJTBBKysrKysrKysrKysrJTIydHlwZSUyMiUzQSslMjJ1bnN0eWxlZCUyMiUyQyUwRCUwQSsrKysrKysrKysrKyUyMmRlcHRoJTIyJTNBKzAlMkMlMEQlMEErKysrKysrKysrKyslMjJ0ZXh0JTIyJTNBKyUyMlRoaXMraXMrYStwcmltYXJ5K2NhcmUrY2FyZCUyMiUyQyUwRCUwQSsrKysrKysrKysrKyUyMmlubGluZVN0eWxlUmFuZ2VzJTIyJTNBKyU1QiU1RCUyQyUwRCUwQSsrKysrKysrKysrKyUyMmVudGl0eVJhbmdlcyUyMiUzQSslNUIlNUQlMEQlMEErKysrKysrKyU3RCUwRCUwQSsrKyslNUQlMkMlMEQlMEErKysrJTIyZW50aXR5TWFwJTIyJTNBKyU3QiU3RCUwRCUwQSU3RCZib2R5LTItdmFsdWUtdHlwZT1wcmltYXJ5JmJvZHktMy1kZWxldGVkPSZib2R5LTMtb3JkZXI9MyZib2R5LTMtdHlwZT1jYXJlX2NhcmQmYm9keS0zLWlkPTg0ZmFhODc2LTA2ZDEtNDkzYS04Nzc2LTNlNjNmZmMzYWM3MSZib2R5LTMtdmFsdWUtdGl0bGU9VXJnZW50JTNBJmJvZHktMy12YWx1ZS1ib2R5PSU3QiUwRCUwQSsrKyslMjJibG9ja3MlMjIlM0ErJTVCJTBEJTBBKysrKysrKyslN0IlMEQlMEErKysrKysrKysrKyslMjJrZXklMjIlM0ErJTIyMTBjdDIlMjIlMkMlMEQlMEErKysrKysrKysrKyslMjJ0eXBlJTIyJTNBKyUyMnVuc3R5bGVkJTIyJTJDJTBEJTBBKysrKysrKysrKysrJTIyZGVwdGglMjIlM0ErMCUyQyUwRCUwQSsrKysrKysrKysrKyUyMnRleHQlMjIlM0ErJTIyVGhpcytpcythbit1cmdlbnQrY2FyZStjYXJkJTIyJTJDJTBEJTBBKysrKysrKysrKysrJTIyaW5saW5lU3R5bGVSYW5nZXMlMjIlM0ErJTVCJTVEJTJDJTBEJTBBKysrKysrKysrKysrJTIyZW50aXR5UmFuZ2VzJTIyJTNBKyU1QiU1RCUwRCUwQSsrKysrKysrJTdEJTBEJTBBKysrKyU1RCUyQyUwRCUwQSsrKyslMjJlbnRpdHlNYXAlMjIlM0ErJTdCJTdEJTBEJTBBJTdEJmJvZHktMy12YWx1ZS10eXBlPXVyZ2VudCZib2R5LTQtZGVsZXRlZD0mYm9keS00LW9yZGVyPTQmYm9keS00LXR5cGU9Y2FyZV9jYXJkJmJvZHktNC1pZD1jOTUzMWFlNC1lYTg3LTRlMDctODIxNC0xMTY2OWRiZWFlNjgmYm9keS00LXZhbHVlLXRpdGxlPUVtZXJnZW5jeSUyMSZib2R5LTQtdmFsdWUtYm9keT0lN0IlMEQlMEErKysrJTIyYmxvY2tzJTIyJTNBKyU1QiUwRCUwQSsrKysrKysrJTdCJTBEJTBBKysrKysrKysrKysrJTIya2V5JTIyJTNBKyUyMnFqYWZkJTIyJTJDJTBEJTBBKysrKysrKysrKysrJTIydHlwZSUyMiUzQSslMjJ1bnN0eWxlZCUyMiUyQyUwRCUwQSsrKysrKysrKysrKyUyMmRlcHRoJTIyJTNBKzAlMkMlMEQlMEErKysrKysrKysrKyslMjJ0ZXh0JTIyJTNBKyUyMlRoaXMraXMrYW4rZW1lcmdlbmN5K2NhcmUrY2FyZCUyMiUyQyUwRCUwQSsrKysrKysrKysrKyUyMmlubGluZVN0eWxlUmFuZ2VzJTIyJTNBKyU1QiU1RCUyQyUwRCUwQSsrKysrKysrKysrKyUyMmVudGl0eVJhbmdlcyUyMiUzQSslNUIlNUQlMEQlMEErKysrKysrKyU3RCUwRCUwQSsrKyslNUQlMkMlMEQlMEErKysrJTIyZW50aXR5TWFwJTIyJTNBKyU3QiU3RCUwRCUwQSU3RCZib2R5LTQtdmFsdWUtdHlwZT1lbWVyZ2VuY3kmYm9keS01LWRlbGV0ZWQ9JmJvZHktNS1vcmRlcj01JmJvZHktNS10eXBlPWNhcmVfY2FyZCZib2R5LTUtaWQ9MDAxYzE4NjEtZDQwYS00ZmJlLWFkOTMtNWM5OTljZTk0MTYxJmJvZHktNS12YWx1ZS10aXRsZT1hd2F3ZGF3JmJvZHktNS12YWx1ZS1ib2R5PSU3QiUwRCUwQSsrKyslMjJibG9ja3MlMjIlM0ErJTVCJTBEJTBBKysrKysrKyslN0IlMEQlMEErKysrKysrKysrKyslMjJrZXklMjIlM0ErJTIycGxsM3glMjIlMkMlMEQlMEErKysrKysrKysrKyslMjJ0eXBlJTIyJTNBKyUyMnVuc3R5bGVkJTIyJTJDJTBEJTBBKysrKysrKysrKysrJTIyZGVwdGglMjIlM0ErMCUyQyUwRCUwQSsrKysrKysrKysrKyUyMnRleHQlMjIlM0ErJTIyZGF3ZGF3ZCUyMiUyQyUwRCUwQSsrKysrKysrKysrKyUyMmlubGluZVN0eWxlUmFuZ2VzJTIyJTNBKyU1QiU1RCUyQyUwRCUwQSsrKysrKysrKysrKyUyMmVudGl0eVJhbmdlcyUyMiUzQSslNUIlNUQlMEQlMEErKysrKysrKyU3RCUwRCUwQSsrKyslNUQlMkMlMEQlMEErKysrJTIyZW50aXR5TWFwJTIyJTNBKyU3QiU3RCUwRCUwQSU3RCZib2R5LTUtdmFsdWUtdHlwZT11cmdlbnQmc2x1Zz1ob21lJnNlb190aXRsZT0mc2VhcmNoX2Rlc2NyaXB0aW9uPSZnb19saXZlX2F0PSZleHBpcmVfYXQ9IiwxNTQzMjQ5NjcyLjc2NjUwNF19",
    "expire_date": "2018-12-10T16:27:52.778Z"
  }
},
{
  "model": "auth.permission",
  "fields": {
    "name": "Can access Wagtail admin",
    "content_type": [
      "wagtailadmin",
      "admin"
    ],
    "codename": "access_admin"
  }
},
{
  "model": "auth.permission",
  "fields": {
    "name": "Can add document",
    "content_type": [
      "wagtaildocs",
      "document"
    ],
    "codename": "add_document"
  }
},
{
  "model": "auth.permission",
  "fields": {
    "name": "Can change document",
    "content_type": [
      "wagtaildocs",
      "document"
    ],
    "codename": "change_document"
  }
},
{
  "model": "auth.permission",
  "fields": {
    "name": "Can delete document",
    "content_type": [
      "wagtaildocs",
      "document"
    ],
    "codename": "delete_document"
  }
},
{
  "model": "auth.permission",
  "fields": {
    "name": "Can add image",
    "content_type": [
      "wagtailimages",
      "image"
    ],
    "codename": "add_image"
  }
},
{
  "model": "auth.permission",
  "fields": {
    "name": "Can change image",
    "content_type": [
      "wagtailimages",
      "image"
    ],
    "codename": "change_image"
  }
},
{
  "model": "auth.permission",
  "fields": {
    "name": "Can delete image",
    "content_type": [
      "wagtailimages",
      "image"
    ],
    "codename": "delete_image"
  }
},
{
  "model": "auth.permission",
  "fields": {
    "name": "Can add home page",
    "content_type": [
      "home",
      "homepage"
    ],
    "codename": "add_homepage"
  }
},
{
  "model": "auth.permission",
  "fields": {
    "name": "Can change home page",
    "content_type": [
      "home",
      "homepage"
    ],
    "codename": "change_homepage"
  }
},
{
  "model": "auth.permission",
  "fields": {
    "name": "Can delete home page",
    "content_type": [
      "home",
      "homepage"
    ],
    "codename": "delete_homepage"
  }
},
{
  "model": "auth.permission",
  "fields": {
    "name": "Can add child page",
    "content_type": [
      "home",
      "childpage"
    ],
    "codename": "add_childpage"
  }
},
{
  "model": "auth.permission",
  "fields": {
    "name": "Can change child page",
    "content_type": [
      "home",
      "childpage"
    ],
    "codename": "change_childpage"
  }
},
{
  "model": "auth.permission",
  "fields": {
    "name": "Can delete child page",
    "content_type": [
      "home",
      "childpage"
    ],
    "codename": "delete_childpage"
  }
},
{
  "model": "auth.permission",
  "fields": {
    "name": "Can add header settings",
    "content_type": [
      "wagtailnhsukfrontendsettings",
      "headersettings"
    ],
    "codename": "add_headersettings"
  }
},
{
  "model": "auth.permission",
  "fields": {
    "name": "Can change header settings",
    "content_type": [
      "wagtailnhsukfrontendsettings",
      "headersettings"
    ],
    "codename": "change_headersettings"
  }
},
{
  "model": "auth.permission",
  "fields": {
    "name": "Can delete header settings",
    "content_type": [
      "wagtailnhsukfrontendsettings",
      "headersettings"
    ],
    "codename": "delete_headersettings"
  }
},
{
  "model": "auth.permission",
  "fields": {
    "name": "Can add navigation link",
    "content_type": [
      "wagtailnhsukfrontendsettings",
      "navigationlink"
    ],
    "codename": "add_navigationlink"
  }
},
{
  "model": "auth.permission",
  "fields": {
    "name": "Can change navigation link",
    "content_type": [
      "wagtailnhsukfrontendsettings",
      "navigationlink"
    ],
    "codename": "change_navigationlink"
  }
},
{
  "model": "auth.permission",
  "fields": {
    "name": "Can delete navigation link",
    "content_type": [
      "wagtailnhsukfrontendsettings",
      "navigationlink"
    ],
    "codename": "delete_navigationlink"
  }
},
{
  "model": "auth.permission",
  "fields": {
    "name": "Can add form submission",
    "content_type": [
      "wagtailforms",
      "formsubmission"
    ],
    "codename": "add_formsubmission"
  }
},
{
  "model": "auth.permission",
  "fields": {
    "name": "Can change form submission",
    "content_type": [
      "wagtailforms",
      "formsubmission"
    ],
    "codename": "change_formsubmission"
  }
},
{
  "model": "auth.permission",
  "fields": {
    "name": "Can delete form submission",
    "content_type": [
      "wagtailforms",
      "formsubmission"
    ],
    "codename": "delete_formsubmission"
  }
},
{
  "model": "auth.permission",
  "fields": {
    "name": "Can add redirect",
    "content_type": [
      "wagtailredirects",
      "redirect"
    ],
    "codename": "add_redirect"
  }
},
{
  "model": "auth.permission",
  "fields": {
    "name": "Can change redirect",
    "content_type": [
      "wagtailredirects",
      "redirect"
    ],
    "codename": "change_redirect"
  }
},
{
  "model": "auth.permission",
  "fields": {
    "name": "Can delete redirect",
    "content_type": [
      "wagtailredirects",
      "redirect"
    ],
    "codename": "delete_redirect"
  }
},
{
  "model": "auth.permission",
  "fields": {
    "name": "Can add embed",
    "content_type": [
      "wagtailembeds",
      "embed"
    ],
    "codename": "add_embed"
  }
},
{
  "model": "auth.permission",
  "fields": {
    "name": "Can change embed",
    "content_type": [
      "wagtailembeds",
      "embed"
    ],
    "codename": "change_embed"
  }
},
{
  "model": "auth.permission",
  "fields": {
    "name": "Can delete embed",
    "content_type": [
      "wagtailembeds",
      "embed"
    ],
    "codename": "delete_embed"
  }
},
{
  "model": "auth.permission",
  "fields": {
    "name": "Can add user profile",
    "content_type": [
      "wagtailusers",
      "userprofile"
    ],
    "codename": "add_userprofile"
  }
},
{
  "model": "auth.permission",
  "fields": {
    "name": "Can change user profile",
    "content_type": [
      "wagtailusers",
      "userprofile"
    ],
    "codename": "change_userprofile"
  }
},
{
  "model": "auth.permission",
  "fields": {
    "name": "Can delete user profile",
    "content_type": [
      "wagtailusers",
      "userprofile"
    ],
    "codename": "delete_userprofile"
  }
},
{
  "model": "auth.permission",
  "fields": {
    "name": "Can add rendition",
    "content_type": [
      "wagtailimages",
      "rendition"
    ],
    "codename": "add_rendition"
  }
},
{
  "model": "auth.permission",
  "fields": {
    "name": "Can change rendition",
    "content_type": [
      "wagtailimages",
      "rendition"
    ],
    "codename": "change_rendition"
  }
},
{
  "model": "auth.permission",
  "fields": {
    "name": "Can delete rendition",
    "content_type": [
      "wagtailimages",
      "rendition"
    ],
    "codename": "delete_rendition"
  }
},
{
  "model": "auth.permission",
  "fields": {
    "name": "Can add query",
    "content_type": [
      "wagtailsearch",
      "query"
    ],
    "codename": "add_query"
  }
},
{
  "model": "auth.permission",
  "fields": {
    "name": "Can change query",
    "content_type": [
      "wagtailsearch",
      "query"
    ],
    "codename": "change_query"
  }
},
{
  "model": "auth.permission",
  "fields": {
    "name": "Can delete query",
    "content_type": [
      "wagtailsearch",
      "query"
    ],
    "codename": "delete_query"
  }
},
{
  "model": "auth.permission",
  "fields": {
    "name": "Can add Query Daily Hits",
    "content_type": [
      "wagtailsearch",
      "querydailyhits"
    ],
    "codename": "add_querydailyhits"
  }
},
{
  "model": "auth.permission",
  "fields": {
    "name": "Can change Query Daily Hits",
    "content_type": [
      "wagtailsearch",
      "querydailyhits"
    ],
    "codename": "change_querydailyhits"
  }
},
{
  "model": "auth.permission",
  "fields": {
    "name": "Can delete Query Daily Hits",
    "content_type": [
      "wagtailsearch",
      "querydailyhits"
    ],
    "codename": "delete_querydailyhits"
  }
},
{
  "model": "auth.permission",
  "fields": {
    "name": "Can add page",
    "content_type": [
      "wagtailcore",
      "page"
    ],
    "codename": "add_page"
  }
},
{
  "model": "auth.permission",
  "fields": {
    "name": "Can change page",
    "content_type": [
      "wagtailcore",
      "page"
    ],
    "codename": "change_page"
  }
},
{
  "model": "auth.permission",
  "fields": {
    "name": "Can delete page",
    "content_type": [
      "wagtailcore",
      "page"
    ],
    "codename": "delete_page"
  }
},
{
  "model": "auth.permission",
  "fields": {
    "name": "Can add group page permission",
    "content_type": [
      "wagtailcore",
      "grouppagepermission"
    ],
    "codename": "add_grouppagepermission"
  }
},
{
  "model": "auth.permission",
  "fields": {
    "name": "Can change group page permission",
    "content_type": [
      "wagtailcore",
      "grouppagepermission"
    ],
    "codename": "change_grouppagepermission"
  }
},
{
  "model": "auth.permission",
  "fields": {
    "name": "Can delete group page permission",
    "content_type": [
      "wagtailcore",
      "grouppagepermission"
    ],
    "codename": "delete_grouppagepermission"
  }
},
{
  "model": "auth.permission",
  "fields": {
    "name": "Can add page revision",
    "content_type": [
      "wagtailcore",
      "pagerevision"
    ],
    "codename": "add_pagerevision"
  }
},
{
  "model": "auth.permission",
  "fields": {
    "name": "Can change page revision",
    "content_type": [
      "wagtailcore",
      "pagerevision"
    ],
    "codename": "change_pagerevision"
  }
},
{
  "model": "auth.permission",
  "fields": {
    "name": "Can delete page revision",
    "content_type": [
      "wagtailcore",
      "pagerevision"
    ],
    "codename": "delete_pagerevision"
  }
},
{
  "model": "auth.permission",
  "fields": {
    "name": "Can add page view restriction",
    "content_type": [
      "wagtailcore",
      "pageviewrestriction"
    ],
    "codename": "add_pageviewrestriction"
  }
},
{
  "model": "auth.permission",
  "fields": {
    "name": "Can change page view restriction",
    "content_type": [
      "wagtailcore",
      "pageviewrestriction"
    ],
    "codename": "change_pageviewrestriction"
  }
},
{
  "model": "auth.permission",
  "fields": {
    "name": "Can delete page view restriction",
    "content_type": [
      "wagtailcore",
      "pageviewrestriction"
    ],
    "codename": "delete_pageviewrestriction"
  }
},
{
  "model": "auth.permission",
  "fields": {
    "name": "Can add site",
    "content_type": [
      "wagtailcore",
      "site"
    ],
    "codename": "add_site"
  }
},
{
  "model": "auth.permission",
  "fields": {
    "name": "Can change site",
    "content_type": [
      "wagtailcore",
      "site"
    ],
    "codename": "change_site"
  }
},
{
  "model": "auth.permission",
  "fields": {
    "name": "Can delete site",
    "content_type": [
      "wagtailcore",
      "site"
    ],
    "codename": "delete_site"
  }
},
{
  "model": "auth.permission",
  "fields": {
    "name": "Can add collection",
    "content_type": [
      "wagtailcore",
      "collection"
    ],
    "codename": "add_collection"
  }
},
{
  "model": "auth.permission",
  "fields": {
    "name": "Can change collection",
    "content_type": [
      "wagtailcore",
      "collection"
    ],
    "codename": "change_collection"
  }
},
{
  "model": "auth.permission",
  "fields": {
    "name": "Can delete collection",
    "content_type": [
      "wagtailcore",
      "collection"
    ],
    "codename": "delete_collection"
  }
},
{
  "model": "auth.permission",
  "fields": {
    "name": "Can add group collection permission",
    "content_type": [
      "wagtailcore",
      "groupcollectionpermission"
    ],
    "codename": "add_groupcollectionpermission"
  }
},
{
  "model": "auth.permission",
  "fields": {
    "name": "Can change group collection permission",
    "content_type": [
      "wagtailcore",
      "groupcollectionpermission"
    ],
    "codename": "change_groupcollectionpermission"
  }
},
{
  "model": "auth.permission",
  "fields": {
    "name": "Can delete group collection permission",
    "content_type": [
      "wagtailcore",
      "groupcollectionpermission"
    ],
    "codename": "delete_groupcollectionpermission"
  }
},
{
  "model": "auth.permission",
  "fields": {
    "name": "Can add collection view restriction",
    "content_type": [
      "wagtailcore",
      "collectionviewrestriction"
    ],
    "codename": "add_collectionviewrestriction"
  }
},
{
  "model": "auth.permission",
  "fields": {
    "name": "Can change collection view restriction",
    "content_type": [
      "wagtailcore",
      "collectionviewrestriction"
    ],
    "codename": "change_collectionviewrestriction"
  }
},
{
  "model": "auth.permission",
  "fields": {
    "name": "Can delete collection view restriction",
    "content_type": [
      "wagtailcore",
      "collectionviewrestriction"
    ],
    "codename": "delete_collectionviewrestriction"
  }
},
{
  "model": "auth.permission",
  "fields": {
    "name": "Can add Tag",
    "content_type": [
      "taggit",
      "tag"
    ],
    "codename": "add_tag"
  }
},
{
  "model": "auth.permission",
  "fields": {
    "name": "Can change Tag",
    "content_type": [
      "taggit",
      "tag"
    ],
    "codename": "change_tag"
  }
},
{
  "model": "auth.permission",
  "fields": {
    "name": "Can delete Tag",
    "content_type": [
      "taggit",
      "tag"
    ],
    "codename": "delete_tag"
  }
},
{
  "model": "auth.permission",
  "fields": {
    "name": "Can add Tagged Item",
    "content_type": [
      "taggit",
      "taggeditem"
    ],
    "codename": "add_taggeditem"
  }
},
{
  "model": "auth.permission",
  "fields": {
    "name": "Can change Tagged Item",
    "content_type": [
      "taggit",
      "taggeditem"
    ],
    "codename": "change_taggeditem"
  }
},
{
  "model": "auth.permission",
  "fields": {
    "name": "Can delete Tagged Item",
    "content_type": [
      "taggit",
      "taggeditem"
    ],
    "codename": "delete_taggeditem"
  }
},
{
  "model": "auth.permission",
  "fields": {
    "name": "Can add log entry",
    "content_type": [
      "admin",
      "logentry"
    ],
    "codename": "add_logentry"
  }
},
{
  "model": "auth.permission",
  "fields": {
    "name": "Can change log entry",
    "content_type": [
      "admin",
      "logentry"
    ],
    "codename": "change_logentry"
  }
},
{
  "model": "auth.permission",
  "fields": {
    "name": "Can delete log entry",
    "content_type": [
      "admin",
      "logentry"
    ],
    "codename": "delete_logentry"
  }
},
{
  "model": "auth.permission",
  "fields": {
    "name": "Can add permission",
    "content_type": [
      "auth",
      "permission"
    ],
    "codename": "add_permission"
  }
},
{
  "model": "auth.permission",
  "fields": {
    "name": "Can change permission",
    "content_type": [
      "auth",
      "permission"
    ],
    "codename": "change_permission"
  }
},
{
  "model": "auth.permission",
  "fields": {
    "name": "Can delete permission",
    "content_type": [
      "auth",
      "permission"
    ],
    "codename": "delete_permission"
  }
},
{
  "model": "auth.permission",
  "fields": {
    "name": "Can add group",
    "content_type": [
      "auth",
      "group"
    ],
    "codename": "add_group"
  }
},
{
  "model": "auth.permission",
  "fields": {
    "name": "Can change group",
    "content_type": [
      "auth",
      "group"
    ],
    "codename": "change_group"
  }
},
{
  "model": "auth.permission",
  "fields": {
    "name": "Can delete group",
    "content_type": [
      "auth",
      "group"
    ],
    "codename": "delete_group"
  }
},
{
  "model": "auth.permission",
  "fields": {
    "name": "Can add user",
    "content_type": [
      "auth",
      "user"
    ],
    "codename": "add_user"
  }
},
{
  "model": "auth.permission",
  "fields": {
    "name": "Can change user",
    "content_type": [
      "auth",
      "user"
    ],
    "codename": "change_user"
  }
},
{
  "model": "auth.permission",
  "fields": {
    "name": "Can delete user",
    "content_type": [
      "auth",
      "user"
    ],
    "codename": "delete_user"
  }
},
{
  "model": "auth.permission",
  "fields": {
    "name": "Can add content type",
    "content_type": [
      "contenttypes",
      "contenttype"
    ],
    "codename": "add_contenttype"
  }
},
{
  "model": "auth.permission",
  "fields": {
    "name": "Can change content type",
    "content_type": [
      "contenttypes",
      "contenttype"
    ],
    "codename": "change_contenttype"
  }
},
{
  "model": "auth.permission",
  "fields": {
    "name": "Can delete content type",
    "content_type": [
      "contenttypes",
      "contenttype"
    ],
    "codename": "delete_contenttype"
  }
},
{
  "model": "auth.permission",
  "fields": {
    "name": "Can add session",
    "content_type": [
      "sessions",
      "session"
    ],
    "codename": "add_session"
  }
},
{
  "model": "auth.permission",
  "fields": {
    "name": "Can change session",
    "content_type": [
      "sessions",
      "session"
    ],
    "codename": "change_session"
  }
},
{
  "model": "auth.permission",
  "fields": {
    "name": "Can delete session",
    "content_type": [
      "sessions",
      "session"
    ],
    "codename": "delete_session"
  }
},
{
  "model": "auth.permission",
  "fields": {
    "name": "Can add child page",
    "content_type": [
      "home",
      "childpage"
    ],
    "codename": "add_childpage"
  }
},
{
  "model": "auth.permission",
  "fields": {
    "name": "Can change child page",
    "content_type": [
      "home",
      "childpage"
    ],
    "codename": "change_childpage"
  }
},
{
  "model": "auth.permission",
  "fields": {
    "name": "Can delete child page",
    "content_type": [
      "home",
      "childpage"
    ],
    "codename": "delete_childpage"
  }
},
{
  "model": "auth.permission",
  "fields": {
    "name": "Can add emergency alert",
    "content_type": [
      "wagtailnhsukfrontendsettings",
      "emergencyalert"
    ],
    "codename": "add_emergencyalert"
  }
},
{
  "model": "auth.permission",
  "fields": {
    "name": "Can change emergency alert",
    "content_type": [
      "wagtailnhsukfrontendsettings",
      "emergencyalert"
    ],
    "codename": "change_emergencyalert"
  }
},
{
  "model": "auth.permission",
  "fields": {
    "name": "Can delete emergency alert",
    "content_type": [
      "wagtailnhsukfrontendsettings",
      "emergencyalert"
    ],
    "codename": "delete_emergencyalert"
  }
},
{
  "model": "wagtailnhsukfrontendsettings.emergencyalert",
  "pk": 1,
  "fields": {
    "site": [
      "localhost",
      80
    ],
    "enabled": true,
    "title": "National Flu Outbreak",
    "description": "There has been a national flu outbreak.",
    "link_url": "https://www.nhs.uk",
    "link_label": "How does it affect me",
    "last_updated": "2019-02-18T14:47:00.148Z"
  }
},
{
  "model": "wagtailnhsukfrontendsettings.headersettings",
  "pk": 1,
  "fields": {
    "site": [
      "localhost",
      80
    ],
    "service_name": "Wagtail NHS Style",
    "service_long_name": false,
    "service_link": null,
    "transactional": false,
    "logo_link": null,
    "logo_aria": null,
    "show_search": true
  }
},
{
  "model": "auth.group",
  "fields": {
    "name": "Moderators",
    "permissions": [
      [
        "access_admin",
        "wagtailadmin",
        "admin"
      ],
      [
        "add_document",
        "wagtaildocs",
        "document"
      ],
      [
        "change_document",
        "wagtaildocs",
        "document"
      ],
      [
        "delete_document",
        "wagtaildocs",
        "document"
      ],
      [
        "add_image",
        "wagtailimages",
        "image"
      ],
      [
        "change_image",
        "wagtailimages",
        "image"
      ],
      [
        "delete_image",
        "wagtailimages",
        "image"
      ]
    ]
  }
},
{
  "model": "auth.group",
  "fields": {
    "name": "Editors",
    "permissions": [
      [
        "access_admin",
        "wagtailadmin",
        "admin"
      ],
      [
        "add_document",
        "wagtaildocs",
        "document"
      ],
      [
        "change_document",
        "wagtaildocs",
        "document"
      ],
      [
        "delete_document",
        "wagtaildocs",
        "document"
      ],
      [
        "add_image",
        "wagtailimages",
        "image"
      ],
      [
        "change_image",
        "wagtailimages",
        "image"
      ],
      [
        "delete_image",
        "wagtailimages",
        "image"
      ]
    ]
  }
},
{
  "model": "auth.user",
  "fields": {
    "password": "pbkdf2_sha256$100000$8yNFWBg3jX9z$CiwEsaDybcTeC+IKtV3K6XX+SQX7NWeHyV4mlxVLB2A=",
    "last_login": "2018-10-22T10:48:55.095Z",
    "is_superuser": true,
    "username": "mike",
    "first_name": "",
    "last_name": "",
    "email": "",
    "is_staff": true,
    "is_active": true,
    "date_joined": "2018-10-22T10:48:35.003Z",
    "groups": [],
    "user_permissions": []
  }
},
{
  "model": "auth.user",
  "fields": {
    "password": "pbkdf2_sha256$100000$jQmLXtqs7rf3$WQZzZzXpTGVcTEsPF0DmcrWrhU5AOcC02gTR+ohv+kc=",
    "last_login": "2018-11-23T16:23:08.305Z",
    "is_superuser": true,
    "username": "admin",
    "first_name": "",
    "last_name": "",
    "email": "",
    "is_staff": true,
    "is_active": true,
    "date_joined": "2018-11-23T16:23:04.625Z",
    "groups": [],
    "user_permissions": []
  }
},
{
  "model": "auth.user",
  "fields": {
    "password": "pbkdf2_sha256$100000$ydecZJC5NXXH$9f/dG8XoJxyzd8s4CFvkxfVH8IXnDnAJRvKfO6BT/qs=",
    "last_login": "2019-01-16T21:37:31.187Z",
    "is_superuser": true,
    "username": "wagtail",
    "first_name": "",
    "last_name": "",
    "email": "",
    "is_staff": true,
    "is_active": true,
    "date_joined": "2019-01-16T21:37:26.719Z",
    "groups": [],
    "user_permissions": []
  }
},
{
  "model": "wagtailcore.groupcollectionpermission",
  "pk": 1,
  "fields": {
    "group": [
      "Editors"
    ],
    "collection": 1,
    "permission": [
      "add_document",
      "wagtaildocs",
      "document"
    ]
  }
},
{
  "model": "wagtailcore.groupcollectionpermission",
  "pk": 2,
  "fields": {
    "group": [
      "Moderators"
    ],
    "collection": 1,
    "permission": [
      "add_document",
      "wagtaildocs",
      "document"
    ]
  }
},
{
  "model": "wagtailcore.groupcollectionpermission",
  "pk": 3,
  "fields": {
    "group": [
      "Editors"
    ],
    "collection": 1,
    "permission": [
      "change_document",
      "wagtaildocs",
      "document"
    ]
  }
},
{
  "model": "wagtailcore.groupcollectionpermission",
  "pk": 4,
  "fields": {
    "group": [
      "Moderators"
    ],
    "collection": 1,
    "permission": [
      "change_document",
      "wagtaildocs",
      "document"
    ]
  }
},
{
  "model": "wagtailcore.groupcollectionpermission",
  "pk": 5,
  "fields": {
    "group": [
      "Editors"
    ],
    "collection": 1,
    "permission": [
      "add_image",
      "wagtailimages",
      "image"
    ]
  }
},
{
  "model": "wagtailcore.groupcollectionpermission",
  "pk": 6,
  "fields": {
    "group": [
      "Moderators"
    ],
    "collection": 1,
    "permission": [
      "add_image",
      "wagtailimages",
      "image"
    ]
  }
},
{
  "model": "wagtailcore.groupcollectionpermission",
  "pk": 7,
  "fields": {
    "group": [
      "Editors"
    ],
    "collection": 1,
    "permission": [
      "change_image",
      "wagtailimages",
      "image"
    ]
  }
},
{
  "model": "wagtailcore.groupcollectionpermission",
  "pk": 8,
  "fields": {
    "group": [
      "Moderators"
    ],
    "collection": 1,
    "permission": [
      "change_image",
      "wagtailimages",
      "image"
    ]
  }
},
{
  "model": "wagtailcore.grouppagepermission",
  "pk": 1,
  "fields": {
    "group": [
      "Moderators"
    ],
    "page": 1,
    "permission_type": "add"
  }
},
{
  "model": "wagtailcore.grouppagepermission",
  "pk": 2,
  "fields": {
    "group": [
      "Moderators"
    ],
    "page": 1,
    "permission_type": "edit"
  }
},
{
  "model": "wagtailcore.grouppagepermission",
  "pk": 3,
  "fields": {
    "group": [
      "Moderators"
    ],
    "page": 1,
    "permission_type": "publish"
  }
},
{
  "model": "wagtailcore.grouppagepermission",
  "pk": 4,
  "fields": {
    "group": [
      "Editors"
    ],
    "page": 1,
    "permission_type": "add"
  }
},
{
  "model": "wagtailcore.grouppagepermission",
  "pk": 5,
  "fields": {
    "group": [
      "Editors"
    ],
    "page": 1,
    "permission_type": "edit"
  }
},
{
  "model": "wagtailcore.grouppagepermission",
  "pk": 6,
  "fields": {
    "group": [
      "Moderators"
    ],
    "page": 1,
    "permission_type": "lock"
  }
},
{
  "model": "wagtailcore.pagerevision",
  "pk": 1,
  "fields": {
    "page": 3,
    "submitted_for_moderation": false,
    "created_at": "2018-10-22T10:57:04.911Z",
    "user": [
      "mike"
    ],
    "content_json": "{\"pk\": 3, \"path\": \"00010001\", \"depth\": 2, \"numchild\": 0, \"title\": \"Home\", \"draft_title\": \"Home\", \"slug\": \"home\", \"content_type\": 2, \"live\": true, \"has_unpublished_changes\": false, \"url_path\": \"/home/\", \"owner\": null, \"seo_title\": \"\", \"show_in_menus\": false, \"search_description\": \"\", \"go_live_at\": null, \"expire_at\": null, \"expired\": false, \"locked\": false, \"first_published_at\": null, \"last_published_at\": null, \"latest_revision_created_at\": null, \"live_revision\": null, \"body\": \"[{\\\"type\\\": \\\"warning_callout\\\", \\\"value\\\": \\\"<p>This is a warning callout box! It contains <b>RichText</b></p>\\\", \\\"id\\\": \\\"d58c67a7-857b-4729-8957-40dee5d9a396\\\"}]\"}",
    "approved_go_live_at": null
  }
},
{
  "model": "wagtailcore.pagerevision",
  "pk": 2,
  "fields": {
    "page": 3,
    "submitted_for_moderation": false,
    "created_at": "2018-11-23T16:23:37.035Z",
    "user": [
      "admin"
    ],
    "content_json": "{\"pk\": 3, \"path\": \"00010001\", \"depth\": 2, \"numchild\": 0, \"title\": \"Home\", \"draft_title\": \"Home\", \"slug\": \"home\", \"content_type\": 2, \"live\": true, \"has_unpublished_changes\": false, \"url_path\": \"/home/\", \"owner\": null, \"seo_title\": \"\", \"show_in_menus\": false, \"search_description\": \"\", \"go_live_at\": null, \"expire_at\": null, \"expired\": false, \"locked\": false, \"first_published_at\": \"2018-10-22T10:57:04.927Z\", \"last_published_at\": \"2018-10-22T10:57:04.927Z\", \"latest_revision_created_at\": \"2018-10-22T10:57:04.911Z\", \"live_revision\": 1, \"body\": \"[{\\\"type\\\": \\\"actionlink\\\", \\\"value\\\": {\\\"text\\\": \\\"Action Link\\\", \\\"external_url\\\": \\\"https://example.com\\\"}, \\\"id\\\": \\\"657b3f9e-445e-4a39-84e1-f7a4adce1af0\\\"}, {\\\"type\\\": \\\"warning_callout\\\", \\\"value\\\": \\\"<p>This is a warning callout box! It contains <b>RichText</b></p>\\\", \\\"id\\\": \\\"d58c67a7-857b-4729-8957-40dee5d9a396\\\"}]\"}",
    "approved_go_live_at": null
  }
},
{
  "model": "wagtailcore.pagerevision",
  "pk": 3,
  "fields": {
    "page": 3,
    "submitted_for_moderation": false,
    "created_at": "2018-11-26T08:45:24.912Z",
    "user": [
      "admin"
    ],
    "content_json": "{\"pk\": 3, \"path\": \"00010001\", \"depth\": 2, \"numchild\": 0, \"title\": \"Home\", \"draft_title\": \"Home\", \"slug\": \"home\", \"content_type\": 2, \"live\": true, \"has_unpublished_changes\": false, \"url_path\": \"/home/\", \"owner\": null, \"seo_title\": \"\", \"show_in_menus\": false, \"search_description\": \"\", \"go_live_at\": null, \"expire_at\": null, \"expired\": false, \"locked\": false, \"first_published_at\": \"2018-10-22T10:57:04.927Z\", \"last_published_at\": \"2018-11-23T16:23:37.053Z\", \"latest_revision_created_at\": \"2018-11-23T16:23:37.035Z\", \"live_revision\": 2, \"body\": \"[{\\\"type\\\": \\\"action_link\\\", \\\"value\\\": {\\\"text\\\": \\\"Action Link\\\", \\\"external_url\\\": \\\"https://example.com\\\"}, \\\"id\\\": \\\"275caa12-937e-42a5-8ef3-caa05584c8ce\\\"}, {\\\"type\\\": \\\"warning_callout\\\", \\\"value\\\": \\\"<p>This is a warning callout box! It contains <b>RichText</b></p>\\\", \\\"id\\\": \\\"d58c67a7-857b-4729-8957-40dee5d9a396\\\"}]\"}",
    "approved_go_live_at": null
  }
},
{
  "model": "wagtailcore.pagerevision",
  "pk": 4,
  "fields": {
    "page": 4,
    "submitted_for_moderation": false,
    "created_at": "2018-11-26T10:01:13.559Z",
    "user": [
      "admin"
    ],
    "content_json": "{\"pk\": 4, \"path\": \"000100010001\", \"depth\": 3, \"numchild\": 0, \"title\": \"Page 1\", \"draft_title\": \"Page 1\", \"slug\": \"page-1\", \"content_type\": 28, \"live\": true, \"has_unpublished_changes\": false, \"url_path\": \"/home/page-1/\", \"owner\": 2, \"seo_title\": \"\", \"show_in_menus\": false, \"search_description\": \"\", \"go_live_at\": null, \"expire_at\": null, \"expired\": false, \"locked\": false, \"first_published_at\": null, \"last_published_at\": null, \"latest_revision_created_at\": null, \"live_revision\": null}",
    "approved_go_live_at": null
  }
},
{
  "model": "wagtailcore.pagerevision",
  "pk": 5,
  "fields": {
    "page": 5,
    "submitted_for_moderation": false,
    "created_at": "2018-11-26T10:01:20.582Z",
    "user": [
      "admin"
    ],
    "content_json": "{\"pk\": 5, \"path\": \"0001000100010001\", \"depth\": 4, \"numchild\": 0, \"title\": \"Page 2\", \"draft_title\": \"Page 2\", \"slug\": \"page-2\", \"content_type\": 28, \"live\": true, \"has_unpublished_changes\": false, \"url_path\": \"/home/page-1/page-2/\", \"owner\": 2, \"seo_title\": \"\", \"show_in_menus\": false, \"search_description\": \"\", \"go_live_at\": null, \"expire_at\": null, \"expired\": false, \"locked\": false, \"first_published_at\": null, \"last_published_at\": null, \"latest_revision_created_at\": null, \"live_revision\": null}",
    "approved_go_live_at": null
  }
},
{
  "model": "wagtailcore.pagerevision",
  "pk": 6,
  "fields": {
    "page": 3,
    "submitted_for_moderation": false,
    "created_at": "2018-11-26T16:04:21.854Z",
    "user": [
      "admin"
    ],
    "content_json": "{\"pk\": 3, \"path\": \"00010001\", \"depth\": 2, \"numchild\": 1, \"title\": \"Home\", \"draft_title\": \"Home\", \"slug\": \"home\", \"content_type\": 2, \"live\": true, \"has_unpublished_changes\": false, \"url_path\": \"/home/\", \"owner\": null, \"seo_title\": \"\", \"show_in_menus\": false, \"search_description\": \"\", \"go_live_at\": null, \"expire_at\": null, \"expired\": false, \"locked\": false, \"first_published_at\": \"2018-10-22T10:57:04.927Z\", \"last_published_at\": \"2018-11-26T08:45:24.931Z\", \"latest_revision_created_at\": \"2018-11-26T08:45:24.912Z\", \"live_revision\": 3, \"body\": \"[{\\\"type\\\": \\\"action_link\\\", \\\"value\\\": {\\\"text\\\": \\\"Action Link\\\", \\\"external_url\\\": \\\"https://example.com\\\"}, \\\"id\\\": \\\"275caa12-937e-42a5-8ef3-caa05584c8ce\\\"}, {\\\"type\\\": \\\"warning_callout\\\", \\\"value\\\": \\\"<p>This is a warning callout box! It contains <b>RichText</b></p>\\\", \\\"id\\\": \\\"d58c67a7-857b-4729-8957-40dee5d9a396\\\"}, {\\\"type\\\": \\\"care_card\\\", \\\"value\\\": {\\\"title\\\": \\\"Non-urgent:\\\", \\\"body\\\": \\\"<p>This is a primary care card</p>\\\", \\\"type\\\": \\\"primary\\\"}, \\\"id\\\": \\\"77a893d7-b810-4c72-a194-749da2d33b88\\\"}, {\\\"type\\\": \\\"care_card\\\", \\\"value\\\": {\\\"title\\\": \\\"Urgent:\\\", \\\"body\\\": \\\"<p>This is an urgent care card</p>\\\", \\\"type\\\": \\\"urgent\\\"}, \\\"id\\\": \\\"84faa876-06d1-493a-8776-3e63ffc3ac71\\\"}, {\\\"type\\\": \\\"care_card\\\", \\\"value\\\": {\\\"title\\\": \\\"Immediate!\\\", \\\"body\\\": \\\"<p>This is an immediate care card</p>\\\", \\\"type\\\": \\\"immediate\\\"}, \\\"id\\\": \\\"c9531ae4-ea87-4e07-8214-11669dbeae68\\\"}]\"}",
    "approved_go_live_at": null
  }
},
{
  "model": "wagtailcore.pagerevision",
  "pk": 7,
  "fields": {
    "page": 3,
    "submitted_for_moderation": false,
    "created_at": "2018-11-26T16:27:51.222Z",
    "user": [
      "admin"
    ],
    "content_json": "{\"pk\": 3, \"path\": \"00010001\", \"depth\": 2, \"numchild\": 1, \"title\": \"Home\", \"draft_title\": \"Home\", \"slug\": \"home\", \"content_type\": 2, \"live\": true, \"has_unpublished_changes\": false, \"url_path\": \"/home/\", \"owner\": null, \"seo_title\": \"\", \"show_in_menus\": false, \"search_description\": \"\", \"go_live_at\": null, \"expire_at\": null, \"expired\": false, \"locked\": false, \"first_published_at\": \"2018-10-22T10:57:04.927Z\", \"last_published_at\": \"2018-11-26T16:04:21.875Z\", \"latest_revision_created_at\": \"2018-11-26T16:04:21.854Z\", \"live_revision\": 6, \"body\": \"[{\\\"type\\\": \\\"action_link\\\", \\\"value\\\": {\\\"text\\\": \\\"Action Link\\\", \\\"external_url\\\": \\\"https://example.com\\\"}, \\\"id\\\": \\\"275caa12-937e-42a5-8ef3-caa05584c8ce\\\"}, {\\\"type\\\": \\\"warning_callout\\\", \\\"value\\\": \\\"<p>This is a warning callout box! It contains <b>RichText</b></p>\\\", \\\"id\\\": \\\"d58c67a7-857b-4729-8957-40dee5d9a396\\\"}, {\\\"type\\\": \\\"care_card\\\", \\\"value\\\": {\\\"title\\\": \\\"Non-urgent:\\\", \\\"body\\\": \\\"<p>This is a primary care card</p>\\\", \\\"type\\\": \\\"primary\\\"}, \\\"id\\\": \\\"77a893d7-b810-4c72-a194-749da2d33b88\\\"}, {\\\"type\\\": \\\"care_card\\\", \\\"value\\\": {\\\"title\\\": \\\"Urgent:\\\", \\\"body\\\": \\\"<p>This is an urgent care card</p>\\\", \\\"type\\\": \\\"urgent\\\"}, \\\"id\\\": \\\"84faa876-06d1-493a-8776-3e63ffc3ac71\\\"}, {\\\"type\\\": \\\"care_card\\\", \\\"value\\\": {\\\"title\\\": \\\"Immediate!\\\", \\\"body\\\": \\\"<p>This is an immediate care card</p>\\\", \\\"type\\\": \\\"immediate\\\"}, \\\"id\\\": \\\"c9531ae4-ea87-4e07-8214-11669dbeae68\\\"}, {\\\"type\\\": \\\"care_card\\\", \\\"value\\\": {\\\"title\\\": \\\"awawdaw\\\", \\\"body\\\": \\\"<p>dawdawd</p>\\\", \\\"type\\\": \\\"urgent\\\"}, \\\"id\\\": \\\"001c1861-d40a-4fbe-ad93-5c999ce94161\\\"}]\"}",
    "approved_go_live_at": null
  }
},
{
  "model": "wagtailcore.pagerevision",
  "pk": 8,
  "fields": {
    "page": 3,
    "submitted_for_moderation": false,
    "created_at": "2018-11-26T16:27:59.056Z",
    "user": [
      "admin"
    ],
    "content_json": "{\"pk\": 3, \"path\": \"00010001\", \"depth\": 2, \"numchild\": 1, \"title\": \"Home\", \"draft_title\": \"Home\", \"slug\": \"home\", \"content_type\": 2, \"live\": true, \"has_unpublished_changes\": true, \"url_path\": \"/home/\", \"owner\": null, \"seo_title\": \"\", \"show_in_menus\": false, \"search_description\": \"\", \"go_live_at\": null, \"expire_at\": null, \"expired\": false, \"locked\": false, \"first_published_at\": \"2018-10-22T10:57:04.927Z\", \"last_published_at\": \"2018-11-26T16:04:21.875Z\", \"latest_revision_created_at\": \"2018-11-26T16:27:51.222Z\", \"live_revision\": 6, \"body\": \"[{\\\"type\\\": \\\"action_link\\\", \\\"value\\\": {\\\"text\\\": \\\"Action Link\\\", \\\"external_url\\\": \\\"https://example.com\\\"}, \\\"id\\\": \\\"275caa12-937e-42a5-8ef3-caa05584c8ce\\\"}, {\\\"type\\\": \\\"warning_callout\\\", \\\"value\\\": \\\"<p>This is a warning callout box! It contains <b>RichText</b></p>\\\", \\\"id\\\": \\\"d58c67a7-857b-4729-8957-40dee5d9a396\\\"}, {\\\"type\\\": \\\"care_card\\\", \\\"value\\\": {\\\"title\\\": \\\"Non-urgent:\\\", \\\"body\\\": \\\"<p>This is a primary care card</p>\\\", \\\"type\\\": \\\"primary\\\"}, \\\"id\\\": \\\"77a893d7-b810-4c72-a194-749da2d33b88\\\"}, {\\\"type\\\": \\\"care_card\\\", \\\"value\\\": {\\\"title\\\": \\\"Urgent:\\\", \\\"body\\\": \\\"<p>This is an urgent care card</p>\\\", \\\"type\\\": \\\"urgent\\\"}, \\\"id\\\": \\\"84faa876-06d1-493a-8776-3e63ffc3ac71\\\"}, {\\\"type\\\": \\\"care_card\\\", \\\"value\\\": {\\\"title\\\": \\\"Immediate!\\\", \\\"body\\\": \\\"<p>This is an immediate care card</p>\\\", \\\"type\\\": \\\"immediate\\\"}, \\\"id\\\": \\\"c9531ae4-ea87-4e07-8214-11669dbeae68\\\"}]\"}",
    "approved_go_live_at": null
  }
},
{
  "model": "wagtailcore.pagerevision",
  "pk": 9,
  "fields": {
    "page": 6,
    "submitted_for_moderation": false,
    "created_at": "2019-02-18T14:47:11.808Z",
    "user": [
      "admin"
    ],
    "content_json": "{\"pk\": 6, \"path\": \"000100010002\", \"depth\": 3, \"numchild\": 0, \"title\": \"Emergency Alert\", \"draft_title\": \"Emergency Alert\", \"slug\": \"emergency-alert\", \"content_type\": 6, \"live\": true, \"has_unpublished_changes\": false, \"url_path\": \"/home/emergency-alert/\", \"owner\": 2, \"seo_title\": \"\", \"show_in_menus\": false, \"search_description\": \"\", \"go_live_at\": null, \"expire_at\": null, \"expired\": false, \"locked\": false, \"first_published_at\": null, \"last_published_at\": null, \"latest_revision_created_at\": null, \"live_revision\": null}",
    "approved_go_live_at": null
  }
},
{
  "model": "wagtailcore.pagerevision",
  "pk": 10,
  "fields": {
    "page": 3,
    "submitted_for_moderation": false,
    "created_at": "2019-02-27T22:41:39.718Z",
    "user": [
      "admin"
    ],
    "content_json": "{\"pk\": 3, \"path\": \"00010001\", \"depth\": 2, \"numchild\": 2, \"title\": \"Home\", \"draft_title\": \"Home\", \"slug\": \"home\", \"content_type\": 2, \"live\": true, \"has_unpublished_changes\": true, \"url_path\": \"/home/\", \"owner\": null, \"seo_title\": \"\", \"show_in_menus\": false, \"search_description\": \"\", \"go_live_at\": null, \"expire_at\": null, \"expired\": false, \"locked\": false, \"first_published_at\": \"2018-10-22T10:57:04.927Z\", \"last_published_at\": \"2018-11-26T16:04:21.875Z\", \"latest_revision_created_at\": \"2018-11-26T16:27:59.056Z\", \"live_revision\": 6, \"body\": \"[{\\\"type\\\": \\\"action_link\\\", \\\"value\\\": {\\\"text\\\": \\\"Action Link\\\", \\\"external_url\\\": \\\"https://example.com\\\"}, \\\"id\\\": \\\"275caa12-937e-42a5-8ef3-caa05584c8ce\\\"}, {\\\"type\\\": \\\"care_card\\\", \\\"value\\\": {\\\"type\\\": \\\"primary\\\", \\\"title\\\": \\\"Non-urgent:\\\", \\\"body\\\": \\\"<p>This is a primary care card</p>\\\"}, \\\"id\\\": \\\"77a893d7-b810-4c72-a194-749da2d33b88\\\"}, {\\\"type\\\": \\\"care_card\\\", \\\"value\\\": {\\\"type\\\": \\\"urgent\\\", \\\"title\\\": \\\"Urgent:\\\", \\\"body\\\": \\\"<p>This is an urgent care card</p>\\\"}, \\\"id\\\": \\\"84faa876-06d1-493a-8776-3e63ffc3ac71\\\"}, {\\\"type\\\": \\\"care_card\\\", \\\"value\\\": {\\\"type\\\": \\\"immediate\\\", \\\"title\\\": \\\"Immediate!\\\", \\\"body\\\": \\\"<p>This is an immediate care card</p>\\\"}, \\\"id\\\": \\\"c9531ae4-ea87-4e07-8214-11669dbeae68\\\"}, {\\\"type\\\": \\\"details\\\", \\\"value\\\": {\\\"title\\\": \\\"Details\\\", \\\"body\\\": \\\"<p>Make a page easier to scan by letting users reveal more detailed information only if they need it.</p>\\\"}, \\\"id\\\": \\\"aae2d50c-e288-461c-96c6-ffcd9c5f6391\\\"}, {\\\"type\\\": \\\"expander\\\", \\\"value\\\": {\\\"title\\\": \\\"Expander\\\", \\\"body\\\": \\\"<p>Make a complex topic easier to digest by letting users reveal more detailed information only if they need it.</p>\\\"}, \\\"id\\\": \\\"0c5e7b95-1fe8-4267-b9c7-de722792b381\\\"}, {\\\"type\\\": \\\"expander_group\\\", \\\"value\\\": {\\\"expanders\\\": [{\\\"title\\\": \\\"One\\\", \\\"body\\\": \\\"<p>First expander</p>\\\"}, {\\\"title\\\": \\\"Two\\\", \\\"body\\\": \\\"<p>Second expander</p>\\\"}, {\\\"title\\\": \\\"Three\\\", \\\"body\\\": \\\"<p>Third expander</p>\\\"}]}, \\\"id\\\": \\\"cde766b8-1c9d-43d2-bc5d-ab941bcd5a5b\\\"}, {\\\"type\\\": \\\"inset_text\\\", \\\"value\\\": \\\"<p>Use inset text to help users identify and understand important content on the page, even if they don&#x27;t read the whole page.</p>\\\", \\\"id\\\": \\\"d9739fb8-2dc9-4355-8ced-8d91f37d2c73\\\"}, {\\\"type\\\": \\\"panel\\\", \\\"value\\\": {\\\"labeled_title\\\": \\\"Panel\\\", \\\"body\\\": \\\"<p>Panel with a blue title</p>\\\"}, \\\"id\\\": \\\"f02f483f-7c7d-4974-8efe-e2c3ead9d5f6\\\"}, {\\\"type\\\": \\\"panel\\\", \\\"value\\\": {\\\"labeled_title\\\": \\\"\\\", \\\"body\\\": \\\"<p>Panels don&#x27;t require a title</p>\\\"}, \\\"id\\\": \\\"56a804c5-3326-4f45-b542-1b49f6a83961\\\"}, {\\\"type\\\": \\\"warning_callout\\\", \\\"value\\\": \\\"<p>This is a warning callout box! It contains <b>RichText</b></p>\\\", \\\"id\\\": \\\"d58c67a7-857b-4729-8957-40dee5d9a396\\\"}]\"}",
    "approved_go_live_at": null
  }
},
{
  "model": "wagtailcore.page",
  "pk": 1,
  "fields": {
    "path": "0001",
    "depth": 1,
    "numchild": 1,
    "title": "Root",
    "draft_title": "Root",
    "slug": "root",
    "content_type": [
      "wagtailcore",
      "page"
    ],
    "live": true,
    "has_unpublished_changes": false,
    "url_path": "/",
    "owner": null,
    "seo_title": "",
    "show_in_menus": false,
    "search_description": "",
    "go_live_at": null,
    "expire_at": null,
    "expired": false,
    "locked": false,
    "first_published_at": null,
    "last_published_at": null,
    "latest_revision_created_at": null,
    "live_revision": null
  }
},
{
  "model": "wagtailcore.page",
  "pk": 3,
  "fields": {
    "path": "00010001",
    "depth": 2,
    "numchild": 2,
    "title": "Home",
    "draft_title": "Home",
    "slug": "home",
    "content_type": [
      "home",
      "homepage"
    ],
    "live": true,
    "has_unpublished_changes": false,
    "url_path": "/home/",
    "owner": null,
    "seo_title": "",
    "show_in_menus": false,
    "search_description": "",
    "go_live_at": null,
    "expire_at": null,
    "expired": false,
    "locked": false,
    "first_published_at": "2018-10-22T10:57:04.927Z",
    "last_published_at": "2019-02-27T22:41:39.734Z",
    "latest_revision_created_at": "2019-02-27T22:41:39.718Z",
    "live_revision": 10
  }
},
{
  "model": "wagtailcore.page",
  "pk": 4,
  "fields": {
    "path": "000100010001",
    "depth": 3,
    "numchild": 1,
    "title": "Page 1",
    "draft_title": "Page 1",
    "slug": "page-1",
    "content_type": [
      "home",
      "childpage"
    ],
    "live": true,
    "has_unpublished_changes": false,
    "url_path": "/home/page-1/",
    "owner": [
      "admin"
    ],
    "seo_title": "",
    "show_in_menus": false,
    "search_description": "",
    "go_live_at": null,
    "expire_at": null,
    "expired": false,
    "locked": false,
    "first_published_at": "2018-11-26T10:01:13.573Z",
    "last_published_at": "2018-11-26T10:01:13.573Z",
    "latest_revision_created_at": "2018-11-26T10:01:13.559Z",
    "live_revision": 4
  }
},
{
  "model": "wagtailcore.page",
  "pk": 5,
  "fields": {
    "path": "0001000100010001",
    "depth": 4,
    "numchild": 0,
    "title": "Page 2",
    "draft_title": "Page 2",
    "slug": "page-2",
    "content_type": [
      "home",
      "childpage"
    ],
    "live": true,
    "has_unpublished_changes": false,
    "url_path": "/home/page-1/page-2/",
    "owner": [
      "admin"
    ],
    "seo_title": "",
    "show_in_menus": false,
    "search_description": "",
    "go_live_at": null,
    "expire_at": null,
    "expired": false,
    "locked": false,
    "first_published_at": "2018-11-26T10:01:20.599Z",
    "last_published_at": "2018-11-26T10:01:20.599Z",
    "latest_revision_created_at": "2018-11-26T10:01:20.582Z",
    "live_revision": 5
  }
},
{
  "model": "wagtailcore.page",
  "pk": 6,
  "fields": {
    "path": "000100010002",
    "depth": 3,
    "numchild": 0,
    "title": "Emergency Alert",
    "draft_title": "Emergency Alert",
    "slug": "emergency-alert",
    "content_type": [
      "home",
      "childpage"
    ],
    "live": true,
    "has_unpublished_changes": false,
    "url_path": "/home/emergency-alert/",
    "owner": [
      "admin"
    ],
    "seo_title": "",
    "show_in_menus": false,
    "search_description": "",
    "go_live_at": null,
    "expire_at": null,
    "expired": false,
    "locked": false,
    "first_published_at": "2019-02-18T14:47:11.821Z",
    "last_published_at": "2019-02-18T14:47:11.821Z",
    "latest_revision_created_at": "2019-02-18T14:47:11.808Z",
    "live_revision": 9
  }
},
{
  "model": "home.childpage",
  "pk": 4,
  "fields": {}
},
{
  "model": "home.childpage",
  "pk": 5,
  "fields": {}
},
{
  "model": "home.childpage",
  "pk": 6,
  "fields": {}
},
{
  "model": "home.homepage",
  "pk": 3,
  "fields": {
    "body": "[{\"type\": \"action_link\", \"value\": {\"text\": \"Action Link\", \"external_url\": \"https://example.com\"}, \"id\": \"275caa12-937e-42a5-8ef3-caa05584c8ce\"}, {\"type\": \"care_card\", \"value\": {\"type\": \"primary\", \"title\": \"Non-urgent:\", \"body\": \"<p>This is a primary care card</p>\"}, \"id\": \"77a893d7-b810-4c72-a194-749da2d33b88\"}, {\"type\": \"care_card\", \"value\": {\"type\": \"urgent\", \"title\": \"Urgent:\", \"body\": \"<p>This is an urgent care card</p>\"}, \"id\": \"84faa876-06d1-493a-8776-3e63ffc3ac71\"}, {\"type\": \"care_card\", \"value\": {\"type\": \"immediate\", \"title\": \"Immediate!\", \"body\": \"<p>This is an immediate care card</p>\"}, \"id\": \"c9531ae4-ea87-4e07-8214-11669dbeae68\"}, {\"type\": \"details\", \"value\": {\"title\": \"Details\", \"body\": \"<p>Make a page easier to scan by letting users reveal more detailed information only if they need it.</p>\"}, \"id\": \"aae2d50c-e288-461c-96c6-ffcd9c5f6391\"}, {\"type\": \"expander\", \"value\": {\"title\": \"Expander\", \"body\": \"<p>Make a complex topic easier to digest by letting users reveal more detailed information only if they need it.</p>\"}, \"id\": \"0c5e7b95-1fe8-4267-b9c7-de722792b381\"}, {\"type\": \"expander_group\", \"value\": {\"expanders\": [{\"title\": \"One\", \"body\": \"<p>First expander</p>\"}, {\"title\": \"Two\", \"body\": \"<p>Second expander</p>\"}, {\"title\": \"Three\", \"body\": \"<p>Third expander</p>\"}]}, \"id\": \"cde766b8-1c9d-43d2-bc5d-ab941bcd5a5b\"}, {\"type\": \"inset_text\", \"value\": \"<p>Use inset text to help users identify and understand important content on the page, even if they don&#x27;t read the whole page.</p>\", \"id\": \"d9739fb8-2dc9-4355-8ced-8d91f37d2c73\"}, {\"type\": \"panel\", \"value\": {\"labeled_title\": \"Panel\", \"body\": \"<p>Panel with a blue title</p>\"}, \"id\": \"f02f483f-7c7d-4974-8efe-e2c3ead9d5f6\"}, {\"type\": \"panel\", \"value\": {\"labeled_title\": \"\", \"body\": \"<p>Panels don&#x27;t require a title</p>\"}, \"id\": \"56a804c5-3326-4f45-b542-1b49f6a83961\"}, {\"type\": \"warning_callout\", \"value\": \"<p>This is a warning callout box! It contains <b>RichText</b></p>\", \"id\": \"d58c67a7-857b-4729-8957-40dee5d9a396\"}]"
  }
}
]
